tag,x,y,direction,x_variance,y_variance,xy_covariance
blue,-32.6883824604,6.2012228181,0.0,0.01,0.01,0.0
blue,-31.5397443298,10.3855474367,0.0,0.01,0.01,0.0
blue,-29.8988327147,14.4057808937,0.0,0.01,0.01,0.0
blue,-27.0272373882,17.5235129625,0.0,0.01,0.01,0.0
blue,-23.3351862542,19.6566980621,0.0,0.01,0.01,0.0
blue,-21.7763202198,20.3951082889,0.0,0.01,0.01,0.0
blue,-18.002223505,22.1180654848,0.0,0.01,0.01,0.0
blue,-14.2281267902,23.8410226807,0.0,0.01,0.01,0.0
blue,-10.5360756562,25.5639798766,0.0,0.01,0.01,0.0
blue,-6.7619789414,27.2869370725,0.0,0.01,0.01,0.0
blue,-2.98788222661,29.0098942684,0.0,0.01,0.01,0.0
blue,0.786214488179,30.7328514642,0.0,0.01,0.01,0.0
blue,4.47826562221,32.4558086601,0.0,0.01,0.01,0.0
blue,8.25236233701,34.178765856,0.0,0.01,0.01,0.0
blue,12.0264590518,35.9017230519,0.0,0.01,0.01,0.0
blue,15.7185101858,37.542634667,0.0,0.01,0.01,0.0
blue,19.4926069006,39.2655918629,0.0,0.01,0.01,0.0
blue,23.2667036154,40.9885490588,0.0,0.01,0.01,0.0
blue,27.0408003302,42.7115062547,0.0,0.01,0.01,0.0
blue,30.7328514642,44.4344634506,0.0,0.01,0.01,0.0
blue,34.506948179,46.1574206464,0.0,0.01,0.01,0.0
blue,38.2810448938,47.8803778423,0.0,0.01,0.01,0.0
blue,42.0551416086,49.6033350382,0.0,0.01,0.01,0.0
blue,45.7471927427,51.3262922341,0.0,0.01,0.01,0.0
blue,49.5212894574,53.04924943,0.0,0.01,0.01,0.0
blue,51.4903833956,54.033796399,0.0,0.01,0.01,0.0
blue,55.1824345296,56.9874373063,0.0,0.01,0.01,0.0
blue,58.1360754369,60.105169375,0.0,0.01,0.01,0.0
blue,61.0076707633,64.2894939936,0.0,0.01,0.01,0.0
blue,62.0742633132,68.3917730314,0.0,0.01,0.01,0.0
blue,62.6485823785,72.6581432307,0.0,0.01,0.01,0.0
blue,62.4024456362,77.0065590108,0.0,0.01,0.01,0.0
blue,61.5819898286,81.1908836294,0.0,0.01,0.01,0.0
blue,59.0385768252,84.5547524404,0.0,0.01,0.01,0.0
blue,57.1515284678,88.2468035744,0.0,0.01,0.01,0.0
blue,53.9517508183,91.1183989009,0.0,0.01,0.01,0.0
blue,49.7674261997,93.9079486466,0.0,0.01,0.01,0.0
blue,45.6651471619,94.9745411965,0.0,0.01,0.01,0.0
blue,41.3167313818,95.5488602618,0.0,0.01,0.01,0.0
blue,36.3939965364,95.138632358,0.0,0.01,0.01,0.0
blue,32.2096719179,94.2361309697,0.0,0.01,0.01,0.0
blue,29.0098942684,91.5286268047,0.0,0.01,0.01,0.0
blue,24.9076152305,88.9852138013,0.0,0.01,0.01,0.0
blue,22.8564757116,85.375208248,0.0,0.01,0.01,0.0
blue,21.051472935,84.0624789559,0.0,0.01,0.01,0.0
blue,17.6055585432,82.011339437,0.0,0.01,0.01,0.0
blue,13.7494162477,80.7806557256,0.0,0.01,0.01,0.0
blue,9.81122837138,81.7652026947,0.0,0.01,0.01,0.0
blue,6.28326839885,83.6522510521,0.0,0.01,0.01,0.0
blue,4.15008329919,87.0981654439,0.0,0.01,0.01,0.0
blue,3.0014451686,90.9543077394,0.0,0.01,0.01,0.0
blue,3.98599213768,94.8924956157,0.0,0.01,0.01,0.0
blue,5.46281259129,98.502501169,0.0,0.01,0.01,0.0
blue,7.02167862566,102.194552303,0.0,0.01,0.01,0.0
blue,8.58054466003,105.886603437,0.0,0.01,0.01,0.0
blue,10.0573651136,109.578654571,0.0,0.01,0.01,0.0
blue,11.616231148,113.270705705,0.0,0.01,0.01,0.0
blue,13.1750971824,116.962756839,0.0,0.01,0.01,0.0
blue,14.7339632168,120.654807973,0.0,0.01,0.01,0.0
blue,16.2928292511,124.428904688,0.0,0.01,0.01,0.0
blue,17.8516952855,128.120955822,0.0,0.01,0.01,0.0
blue,19.4105613199,131.813006956,0.0,0.01,0.01,0.0
blue,20.5591994505,134.274374379,0.0,0.01,0.01,0.0
blue,23.9230682615,136.489605059,0.0,0.01,0.01,0.0
blue,28.0253472993,136.57165064,0.0,0.01,0.01,0.0
blue,31.9635351756,135.669149252,0.0,0.01,0.01,0.0
blue,35.9017230519,134.766647863,0.0,0.01,0.01,0.0
blue,39.921956509,133.782100894,0.0,0.01,0.01,0.0
blue,43.942189966,132.879599506,0.0,0.01,0.01,0.0
blue,47.9624234231,131.977098118,0.0,0.01,0.01,0.0
blue,51.9826568801,131.074596729,0.0,0.01,0.01,0.0
blue,56.0028903372,130.172095341,0.0,0.01,0.01,0.0
blue,60.0231237943,129.187548372,0.0,0.01,0.01,0.0
blue,63.9613116706,128.285046984,0.0,0.01,0.01,0.0
blue,67.9815451276,127.382545595,0.0,0.01,0.01,0.0
blue,72.0017785847,126.480044207,0.0,0.01,0.01,0.0
blue,76.0220120418,125.577542819,0.0,0.01,0.01,0.0
blue,80.0422454988,124.67504143,0.0,0.01,0.01,0.0
blue,84.0624789559,123.690494461,0.0,0.01,0.01,0.0
blue,87.0981654439,123.198220977,0.0,0.01,0.01,0.0
blue,91.4465812239,123.034129815,0.0,0.01,0.01,0.0
blue,95.6309058425,123.60844888,0.0,0.01,0.01,0.0
blue,97.5179541999,124.018676784,0.0,0.01,0.01,0.0
blue,101.538187657,125.003223753,0.0,0.01,0.01,0.0
blue,105.476375533,125.905725142,0.0,0.01,0.01,0.0
blue,109.41456341,126.890272111,0.0,0.01,0.01,0.0
blue,113.352751286,127.792773499,0.0,0.01,0.01,0.0
blue,117.372984743,128.695274887,0.0,0.01,0.01,0.0
blue,121.311172619,129.679821856,0.0,0.01,0.01,0.0
blue,125.249360496,130.582323245,0.0,0.01,0.01,0.0
blue,129.269593953,131.566870214,0.0,0.01,0.01,0.0
blue,133.207781829,132.469371602,0.0,0.01,0.01,0.0
blue,137.145969705,133.453918571,0.0,0.01,0.01,0.0
blue,141.084157582,134.35641996,0.0,0.01,0.01,0.0
blue,145.104391039,135.258921348,0.0,0.01,0.01,0.0
blue,147.893940784,136.161422736,0.0,0.01,0.01,0.0
blue,151.832128661,137.145969705,0.0,0.01,0.01,0.0
blue,155.770316537,138.048471094,0.0,0.01,0.01,0.0
blue,159.626458832,139.033018063,0.0,0.01,0.01,0.0
blue,163.564646709,139.935519451,0.0,0.01,0.01,0.0
blue,167.420789004,140.92006642,0.0,0.01,0.01,0.0
blue,171.358976881,141.822567808,0.0,0.01,0.01,0.0
blue,175.215119176,142.807114777,0.0,0.01,0.01,0.0
blue,179.153307052,143.709616166,0.0,0.01,0.01,0.0
blue,183.091494929,144.694163135,0.0,0.01,0.01,0.0
blue,186.947637224,145.596664523,0.0,0.01,0.01,0.0
blue,190.885825101,146.581211492,0.0,0.01,0.01,0.0
blue,194.741967396,147.483712881,0.0,0.01,0.01,0.0
blue,198.680155272,148.46825985,0.0,0.01,0.01,0.0
blue,202.70038873,148.960533334,0.0,0.01,0.01,0.0
blue,206.720622187,147.893940784,0.0,0.01,0.01,0.0
blue,210.412673321,146.253029169,0.0,0.01,0.01,0.0
blue,213.284268647,143.463479423,0.0,0.01,0.01,0.0
blue,214.925180262,139.771428289,0.0,0.01,0.01,0.0
blue,215.991772812,135.833240413,0.0,0.01,0.01,0.0
blue,215.253362585,131.813006956,0.0,0.01,0.01,0.0
blue,213.858587712,127.956864661,0.0,0.01,0.01,0.0
blue,211.233129128,124.921178173,0.0,0.01,0.01,0.0
blue,207.705169156,123.034129815,0.0,0.01,0.01,0.0
blue,203.766981279,121.803446104,0.0,0.01,0.01,0.0
blue,199.992884565,120.32662565,0.0,0.01,0.01,0.0
blue,197.039243657,117.537075904,0.0,0.01,0.01,0.0
blue,193.265146943,115.321845224,0.0,0.01,0.01,0.0
blue,190.557642778,112.286158736,0.0,0.01,0.01,0.0
blue,188.014229774,109.086381087,0.0,0.01,0.01,0.0
blue,186.209226998,105.394329953,0.0,0.01,0.01,0.0
blue,185.306725609,101.456142076,0.0,0.01,0.01,0.0
blue,184.732406544,97.4359086192,0.0,0.01,0.01,0.0
blue,184.650360963,93.4156751621,0.0,0.01,0.01,0.0
blue,185.224680028,89.395441705,0.0,0.01,0.01,0.0
blue,185.306725609,89.3133961243,0.0,0.01,0.01,0.0
blue,186.209226998,85.2931626672,0.0,0.01,0.01,0.0
blue,187.111728386,81.3549747909,0.0,0.01,0.01,0.0
blue,188.014229774,77.4167869146,0.0,0.01,0.01,0.0
blue,188.834685582,73.4785990383,0.0,0.01,0.01,0.0
blue,189.73718697,69.4583655812,0.0,0.01,0.01,0.0
blue,190.639688358,65.5201777049,0.0,0.01,0.01,0.0
blue,191.542189747,61.5819898286,0.0,0.01,0.01,0.0
blue,192.444691135,57.6438019523,0.0,0.01,0.01,0.0
blue,193.347192523,53.6235684953,0.0,0.01,0.01,0.0
blue,194.249693912,49.685380619,0.0,0.01,0.01,0.0
blue,195.1521953,45.7471927427,0.0,0.01,0.01,0.0
blue,196.054696688,41.8090048664,0.0,0.01,0.01,0.0
blue,196.054696688,41.6449137048,0.0,0.01,0.01,0.0
blue,196.300833431,40.7424123165,0.0,0.01,0.01,0.0
blue,197.121289238,36.8042244402,0.0,0.01,0.01,0.0
blue,197.941745046,32.8660365639,0.0,0.01,0.01,0.0
blue,198.762200853,28.9278486876,0.0,0.01,0.01,0.0
blue,199.582656661,25.0717063921,0.0,0.01,0.01,0.0
blue,200.403112468,21.1335185158,0.0,0.01,0.01,0.0
blue,201.141522695,17.359421801,0.0,0.01,0.01,0.0
blue,201.961978503,13.4212339247,0.0,0.01,0.01,0.0
blue,202.78243431,9.48304604835,0.0,0.01,0.01,0.0
blue,203.602890118,5.54485817205,0.0,0.01,0.01,0.0
blue,204.423345925,1.60667029574,0.0,0.01,0.01,0.0
blue,205.243801733,-2.33151758056,0.0,0.01,0.01,0.0
blue,206.064257541,-6.26970545687,0.0,0.01,0.01,0.0
blue,206.884713348,-10.1258477524,0.0,0.01,0.01,0.0
blue,207.705169156,-14.0640356287,0.0,0.01,0.01,0.0
blue,208.525624963,-18.002223505,0.0,0.01,0.01,0.0
blue,208.853807286,-20.7917732507,0.0,0.01,0.01,0.0
blue,207.951305898,-24.729961127,0.0,0.01,0.01,0.0
blue,206.146303121,-28.5861034226,0.0,0.01,0.01,0.0
blue,202.864479891,-31.129516426,0.0,0.01,0.01,0.0
blue,199.172428757,-32.8524736219,0.0,0.01,0.01,0.0
blue,195.070149719,-32.9345192027,0.0,0.01,0.01,0.0
blue,191.296053004,-31.4576987491,0.0,0.01,0.01,0.0
blue,187.768093032,-29.1604224879,0.0,0.01,0.01,0.0
blue,186.701500482,-27.9297387765,0.0,0.01,0.01,0.0
blue,183.911950736,-24.8940522886,0.0,0.01,0.01,0.0
blue,181.122400991,-21.8583658006,0.0,0.01,0.01,0.0
blue,178.332851245,-18.8226793126,0.0,0.01,0.01,0.0
blue,175.543301499,-15.7869928246,0.0,0.01,0.01,0.0
blue,172.753751753,-12.7513063366,0.0,0.01,0.01,0.0
blue,169.964202008,-9.71561984863,0.0,0.01,0.01,0.0
blue,167.092606681,-6.67993336065,0.0,0.01,0.01,0.0
blue,164.303056936,-3.64424687266,0.0,0.01,0.01,0.0
blue,161.51350719,-0.608560384679,0.0,0.01,0.01,0.0
blue,158.723957444,2.42712610331,0.0,0.01,0.01,0.0
blue,155.934407698,5.46281259129,0.0,0.01,0.01,0.0
blue,153.144857953,8.49849907928,0.0,0.01,0.01,0.0
blue,150.355308207,11.5341855673,0.0,0.01,0.01,0.0
blue,147.565758461,14.5698720552,0.0,0.01,0.01,0.0
blue,144.776208716,17.6055585432,0.0,0.01,0.01,0.0
blue,141.98665897,20.6412450312,0.0,0.01,0.01,0.0
blue,139.197109224,23.6769315192,0.0,0.01,0.01,0.0
blue,136.407559478,26.7126180072,0.0,0.01,0.01,0.0
blue,133.618009733,29.7483044952,0.0,0.01,0.01,0.0
blue,132.879599506,30.5687603027,0.0,0.01,0.01,0.0
blue,129.351639533,32.6198998216,0.0,0.01,0.01,0.0
blue,126.233907465,35.2453584058,0.0,0.01,0.01,0.0
blue,122.049582846,36.1478597942,0.0,0.01,0.01,0.0
blue,117.865258227,36.3939965364,0.0,0.01,0.01,0.0
blue,113.76297919,35.7376318904,0.0,0.01,0.01,0.0
blue,109.250472248,34.2608114368,0.0,0.01,0.01,0.0
blue,106.050694599,31.7994440141,0.0,0.01,0.01,0.0
blue,103.179099272,28.8458031069,0.0,0.01,0.01,0.0
blue,100.717731849,25.6460254574,0.0,0.01,0.01,0.0
blue,99.4870481381,21.6257920003,0.0,0.01,0.01,0.0
blue,98.830683492,17.5235129625,0.0,0.01,0.01,0.0
blue,98.9947746535,13.3391883439,0.0,0.01,0.01,0.0
blue,99.8972760418,9.15486372533,0.0,0.01,0.01,0.0
blue,102.440689045,6.03713165659,0.0,0.01,0.01,0.0
blue,104.491828564,2.50917168406,0.0,0.01,0.01,0.0
blue,107.937742956,0.375986584398,0.0,0.01,0.01,0.0
blue,108.265925279,-0.526514803922,0.0,0.01,0.01,0.0
blue,111.137520605,-3.39811013039,0.0,0.01,0.01,0.0
blue,112.860477801,-7.09016126443,0.0,0.01,0.01,0.0
blue,114.009115932,-10.94630356,0.0,0.01,0.01,0.0
blue,113.680933609,-15.0485825978,0.0,0.01,0.01,0.0
blue,111.957976413,-18.7406337318,0.0,0.01,0.01,0.0
blue,109.578654571,-22.1045025428,0.0,0.01,0.01,0.0
blue,106.132740179,-24.1556420618,0.0,0.01,0.01,0.0
blue,102.358643465,-25.7145080961,0.0,0.01,0.01,0.0
blue,98.2563644267,-25.7965536769,0.0,0.01,0.01,0.0
blue,94.4002221312,-25.3042801923,0.0,0.01,0.01,0.0
blue,90.3799886741,-24.8120067078,0.0,0.01,0.01,0.0
blue,86.4418007978,-24.2376876425,0.0,0.01,0.01,0.0
blue,82.4215673407,-23.745414158,0.0,0.01,0.01,0.0
blue,78.4833794644,-23.2531406734,0.0,0.01,0.01,0.0
blue,74.4631460074,-22.7608671889,0.0,0.01,0.01,0.0
blue,70.5249581311,-22.2685937044,0.0,0.01,0.01,0.0
blue,66.504724674,-21.6942746391,0.0,0.01,0.01,0.0
blue,62.5665367977,-21.2020011545,0.0,0.01,0.01,0.0
blue,58.5463033406,-20.70972767,0.0,0.01,0.01,0.0
blue,58.4642577599,-20.70972767,0.0,0.01,0.01,0.0
blue,57.4797107908,-20.5456365085,0.0,0.01,0.01,0.0
blue,53.5415229145,-20.0533630239,0.0,0.01,0.01,0.0
blue,49.5212894574,-19.5610895394,0.0,0.01,0.01,0.0
blue,45.5010560004,-19.0688160549,0.0,0.01,0.01,0.0
blue,41.5628681241,-18.5765425703,0.0,0.01,0.01,0.0
blue,37.542634667,-18.002223505,0.0,0.01,0.01,0.0
blue,33.52240121,-17.5099500205,0.0,0.01,0.01,0.0
blue,29.5021677529,-17.0176765359,0.0,0.01,0.01,0.0
blue,25.5639798766,-16.5254030514,0.0,0.01,0.01,0.0
blue,21.5437464195,-15.9510839861,0.0,0.01,0.01,0.0
blue,17.687604124,-15.4588105016,0.0,0.01,0.01,0.0
blue,13.6673706669,-14.966537017,0.0,0.01,0.01,0.0
blue,9.72918279062,-14.4742635325,0.0,0.01,0.01,0.0
blue,5.70894933356,-13.981990048,0.0,0.01,0.01,0.0
blue,1.77076145726,-13.4897165634,0.0,0.01,0.01,0.0
blue,-2.24947199981,-12.9974430789,0.0,0.01,0.01,0.0
blue,-6.18765987611,-12.4231240136,0.0,0.01,0.01,0.0
blue,-10.2078933332,-11.9308505291,0.0,0.01,0.01,0.0
blue,-14.1460812095,-11.4385770445,0.0,0.01,0.01,0.0
blue,-18.1663146665,-10.94630356,0.0,0.01,0.01,0.0
blue,-21.366092316,-9.9617565909,0.0,0.01,0.01,0.0
blue,-25.4683713539,-8.32084497578,0.0,0.01,0.01,0.0
blue,-28.5861034226,-5.53129523006,0.0,0.01,0.01,0.0
blue,-30.801334103,-1.83924409602,0.0,0.01,0.01,0.0
blue,-32.3602001374,1.85280703801,0.0,0.01,0.01,0.0
blue,-32.3602001374,1.85280703801,0.0,0.01,0.01,0.0
yellow,-38.6777098556,7.10372420642,0.0,0.01,0.01,0.0
yellow,-38.5136186941,2.91939958784,0.0,0.01,0.01,0.0
yellow,-37.7752084673,-1.18287944997,0.0,0.01,0.01,0.0
yellow,-36.1342968522,-5.03902174552,0.0,0.01,0.01,0.0
yellow,-33.508838268,-8.40289055653,0.0,0.01,0.01,0.0
yellow,-30.5551973607,-11.5206226253,0.0,0.01,0.01,0.0
yellow,-26.9451918075,-14.310172371,0.0,0.01,0.01,0.0
yellow,-23.0890495119,-16.0331295669,0.0,0.01,0.01,0.0
yellow,-18.9867704741,-16.8535853744,0.0,0.01,0.01,0.0
yellow,-18.1663146665,-16.9356309552,0.0,0.01,0.01,0.0
yellow,-14.1460812095,-17.4279044397,0.0,0.01,0.01,0.0
yellow,-10.2078933332,-17.9201779243,0.0,0.01,0.01,0.0
yellow,-6.18765987611,-18.4124514088,0.0,0.01,0.01,0.0
yellow,-2.24947199981,-18.9867704741,0.0,0.01,0.01,0.0
yellow,1.77076145726,-19.4790439586,0.0,0.01,0.01,0.0
yellow,5.70894933356,-19.9713174432,0.0,0.01,0.01,0.0
yellow,9.72918279062,-20.4635909277,0.0,0.01,0.01,0.0
yellow,13.6673706669,-20.9558644123,0.0,0.01,0.01,0.0
yellow,17.687604124,-21.5301834775,0.0,0.01,0.01,0.0
yellow,21.5437464195,-22.0224569621,0.0,0.01,0.01,0.0
yellow,25.5639798766,-22.5147304466,0.0,0.01,0.01,0.0
yellow,29.5021677529,-23.0070039312,0.0,0.01,0.01,0.0
yellow,33.52240121,-23.4992774157,0.0,0.01,0.01,0.0
yellow,37.542634667,-23.9915509002,0.0,0.01,0.01,0.0
yellow,41.5628681241,-24.5658699655,0.0,0.01,0.01,0.0
yellow,45.5010560004,-25.0581434501,0.0,0.01,0.01,0.0
yellow,49.5212894574,-25.5504169346,0.0,0.01,0.01,0.0
yellow,53.5415229145,-26.0426904191,0.0,0.01,0.01,0.0
yellow,57.4797107908,-26.6170094844,0.0,0.01,0.01,0.0
yellow,58.4642577599,-26.6990550652,0.0,0.01,0.01,0.0
yellow,58.5463033406,-26.6990550652,0.0,0.01,0.01,0.0
yellow,62.5665367977,-27.1913285497,0.0,0.01,0.01,0.0
yellow,66.504724674,-27.765647615,0.0,0.01,0.01,0.0
yellow,70.5249581311,-28.2579210996,0.0,0.01,0.01,0.0
yellow,74.4631460074,-28.7501945841,0.0,0.01,0.01,0.0
yellow,78.4833794644,-29.2424680686,0.0,0.01,0.01,0.0
yellow,82.4215673407,-29.7347415532,0.0,0.01,0.01,0.0
yellow,86.4418007978,-30.3090606185,0.0,0.01,0.01,0.0
yellow,90.3799886741,-30.801334103,0.0,0.01,0.01,0.0
yellow,94.4002221312,-31.2936075876,0.0,0.01,0.01,0.0
yellow,98.2563644267,-31.7858810721,0.0,0.01,0.01,0.0
yellow,102.358643465,-31.8679266528,0.0,0.01,0.01,0.0
yellow,106.378876922,-31.2115620068,0.0,0.01,0.01,0.0
yellow,110.235019217,-30.144969457,0.0,0.01,0.01,0.0
yellow,113.598888028,-27.765647615,0.0,0.01,0.01,0.0
yellow,116.634574516,-25.0581434501,0.0,0.01,0.01,0.0
yellow,118.521622874,-21.4481378968,0.0,0.01,0.01,0.0
yellow,121.065035877,-18.2483602473,0.0,0.01,0.01,0.0
yellow,121.803446104,-14.2281267902,0.0,0.01,0.01,0.0
yellow,122.049582846,-10.1258477524,0.0,0.01,0.01,0.0
yellow,121.475263781,-6.10561429535,0.0,0.01,0.01,0.0
yellow,120.490716812,-2.16742641905,0.0,0.01,0.01,0.0
yellow,117.783212647,1.6887158765,0.0,0.01,0.01,0.0
yellow,115.075708482,4.72440236448,0.0,0.01,0.01,0.0
yellow,111.957976413,6.36531397961,0.0,0.01,0.01,0.0
yellow,109.49660899,9.56509162911,0.0,0.01,0.01,0.0
yellow,107.773651794,13.4212339247,0.0,0.01,0.01,0.0
yellow,106.871150406,17.359421801,0.0,0.01,0.01,0.0
yellow,107.445469471,21.2976096773,0.0,0.01,0.01,0.0
yellow,108.840244344,25.3998887151,0.0,0.01,0.01,0.0
yellow,112.040021994,27.779210557,0.0,0.01,0.01,0.0
yellow,115.896164289,29.5021677529,0.0,0.01,0.01,0.0
yellow,119.834352166,30.4046691412,0.0,0.01,0.01,0.0
yellow,123.772540042,29.7483044952,0.0,0.01,0.01,0.0
yellow,127.546636757,27.779210557,0.0,0.01,0.01,0.0
yellow,129.597776276,25.8101166189,0.0,0.01,0.01,0.0
yellow,132.387326021,22.7744301309,0.0,0.01,0.01,0.0
yellow,135.176875767,19.7387436429,0.0,0.01,0.01,0.0
yellow,137.966425513,16.7030571549,0.0,0.01,0.01,0.0
yellow,140.755975259,13.6673706669,0.0,0.01,0.01,0.0
yellow,143.545525004,10.6316841789,0.0,0.01,0.01,0.0
yellow,146.33507475,7.59599769096,0.0,0.01,0.01,0.0
yellow,149.206670076,4.56031120297,0.0,0.01,0.01,0.0
yellow,151.996219822,1.52462471499,0.0,0.01,0.01,0.0
yellow,154.785769568,-1.59310735375,0.0,0.01,0.01,0.0
yellow,157.575319314,-4.62879384174,0.0,0.01,0.01,0.0
yellow,160.364869059,-7.66448032972,0.0,0.01,0.01,0.0
yellow,163.154418805,-10.7001668177,0.0,0.01,0.01,0.0
yellow,165.943968551,-13.7358533057,0.0,0.01,0.01,0.0
yellow,168.733518296,-16.7715397937,0.0,0.01,0.01,0.0
yellow,171.523068042,-19.8072262817,0.0,0.01,0.01,0.0
yellow,174.312617788,-22.8429127696,0.0,0.01,0.01,0.0
yellow,177.102167534,-25.8785992576,0.0,0.01,0.01,0.0
yellow,179.891717279,-28.9142857456,0.0,0.01,0.01,0.0
yellow,182.681267025,-31.9499722336,0.0,0.01,0.01,0.0
yellow,183.829905156,-33.1806559449,0.0,0.01,0.01,0.0
yellow,187.60400187,-35.4779322061,0.0,0.01,0.01,0.0
yellow,190.80377952,-38.1033907903,0.0,0.01,0.01,0.0
yellow,194.824012977,-38.9238465979,0.0,0.01,0.01,0.0
yellow,198.926292015,-39.0879377594,0.0,0.01,0.01,0.0
yellow,204.013118022,-38.3495275326,0.0,0.01,0.01,0.0
yellow,207.623123575,-35.6420233676,0.0,0.01,0.01,0.0
yellow,211.233129128,-33.5908838487,0.0,0.01,0.01,0.0
yellow,213.366314228,-29.9808782955,0.0,0.01,0.01,0.0
yellow,215.991772812,-26.6990550652,0.0,0.01,0.01,0.0
yellow,216.730183039,-22.6788216081,0.0,0.01,0.01,0.0
yellow,216.8942742,-18.6585881511,0.0,0.01,0.01,0.0
yellow,216.484046297,-16.0331295669,0.0,0.01,0.01,0.0
yellow,215.663590489,-12.0949416906,0.0,0.01,0.01,0.0
yellow,214.843134681,-8.15675381426,0.0,0.01,0.01,0.0
yellow,214.022678874,-4.21856593796,0.0,0.01,0.01,0.0
yellow,213.202223066,-0.280378061653,0.0,0.01,0.01,0.0
yellow,212.381767259,3.65780981465,0.0,0.01,0.01,0.0
yellow,211.561311451,7.5139521102,0.0,0.01,0.01,0.0
yellow,210.740855644,11.4521399865,0.0,0.01,0.01,0.0
yellow,210.002445417,15.3903278628,0.0,0.01,0.01,0.0
yellow,209.181989609,19.3285157391,0.0,0.01,0.01,0.0
yellow,208.361533802,23.1026124539,0.0,0.01,0.01,0.0
yellow,207.541077994,27.0408003302,0.0,0.01,0.01,0.0
yellow,206.720622187,30.9789882065,0.0,0.01,0.01,0.0
yellow,205.900166379,34.9171760828,0.0,0.01,0.01,0.0
yellow,205.079710571,38.8553639591,0.0,0.01,0.01,0.0
yellow,204.259254764,42.7935518354,0.0,0.01,0.01,0.0
yellow,204.095163602,43.614007643,0.0,0.01,0.01,0.0
yellow,204.013118022,43.7780988045,0.0,0.01,0.01,0.0
yellow,203.192662214,47.7162866808,0.0,0.01,0.01,0.0
yellow,202.290160826,51.7365201379,0.0,0.01,0.01,0.0
yellow,201.387659437,55.6747080142,0.0,0.01,0.01,0.0
yellow,200.485158049,59.6128958905,0.0,0.01,0.01,0.0
yellow,199.582656661,63.5510837668,0.0,0.01,0.01,0.0
yellow,198.680155272,67.5713172238,0.0,0.01,0.01,0.0
yellow,197.777653884,71.5095051002,0.0,0.01,0.01,0.0
yellow,196.875152496,75.4476929765,0.0,0.01,0.01,0.0
yellow,195.972651108,79.3858808528,0.0,0.01,0.01,0.0
yellow,195.070149719,83.4061143098,0.0,0.01,0.01,0.0
yellow,194.167648331,87.3443021861,0.0,0.01,0.01,0.0
yellow,193.265146943,91.2824900624,0.0,0.01,0.01,0.0
yellow,193.265146943,91.3645356432,0.0,0.01,0.01,0.0
yellow,192.690827877,95.466814681,0.0,0.01,0.01,0.0
yellow,192.93696462,99.4870481381,0.0,0.01,0.01,0.0
yellow,194.167648331,103.343190434,0.0,0.01,0.01,0.0
yellow,195.972651108,106.953195987,0.0,0.01,0.01,0.0
yellow,198.269927369,110.317064798,0.0,0.01,0.01,0.0
yellow,201.305613857,113.024568963,0.0,0.01,0.01,0.0
yellow,204.91561941,114.747526159,0.0,0.01,0.01,0.0
yellow,208.607670544,116.306392193,0.0,0.01,0.01,0.0
yellow,212.54585842,117.455030324,0.0,0.01,0.01,0.0
yellow,215.74563607,119.752306585,0.0,0.01,0.01,0.0
yellow,218.699276977,122.45981075,0.0,0.01,0.01,0.0
yellow,221.652917884,126.151861884,0.0,0.01,0.01,0.0
yellow,223.211783919,129.761867437,0.0,0.01,0.01,0.0
yellow,223.868148565,133.782100894,0.0,0.01,0.01,0.0
yellow,223.950194145,137.884379932,0.0,0.01,0.01,0.0
yellow,223.211783919,142.889160358,0.0,0.01,0.01,0.0
yellow,221.570872304,146.499165911,0.0,0.01,0.01,0.0
yellow,219.0274593,149.698943561,0.0,0.01,0.01,0.0
yellow,216.155863974,152.488493307,0.0,0.01,0.01,0.0
yellow,212.956086324,154.867815149,0.0,0.01,0.01,0.0
yellow,208.525624963,156.262590021,0.0,0.01,0.01,0.0
yellow,204.587437087,156.918954668,0.0,0.01,0.01,0.0
yellow,200.485158049,156.836909087,0.0,0.01,0.01,0.0
yellow,196.464924592,155.934407698,0.0,0.01,0.01,0.0
yellow,192.608782297,154.949860729,0.0,0.01,0.01,0.0
yellow,188.67059442,154.047359341,0.0,0.01,0.01,0.0
yellow,184.814452125,153.062812372,0.0,0.01,0.01,0.0
yellow,180.876264248,152.160310984,0.0,0.01,0.01,0.0
yellow,176.938076372,151.257809595,0.0,0.01,0.01,0.0
yellow,173.081934077,150.273262626,0.0,0.01,0.01,0.0
yellow,169.1437462,149.370761238,0.0,0.01,0.01,0.0
yellow,165.287603905,148.386214269,0.0,0.01,0.01,0.0
yellow,161.349416028,147.483712881,0.0,0.01,0.01,0.0
yellow,157.493273733,146.499165911,0.0,0.01,0.01,0.0
yellow,153.555085856,145.596664523,0.0,0.01,0.01,0.0
yellow,149.61689798,144.612117554,0.0,0.01,0.01,0.0
yellow,145.760755685,143.709616166,0.0,0.01,0.01,0.0
yellow,145.104391039,143.299388262,0.0,0.01,0.01,0.0
yellow,141.084157582,142.396886874,0.0,0.01,0.01,0.0
yellow,137.145969705,141.412339905,0.0,0.01,0.01,0.0
yellow,133.207781829,140.509838516,0.0,0.01,0.01,0.0
yellow,129.269593953,139.525291547,0.0,0.01,0.01,0.0
yellow,125.249360496,138.622790159,0.0,0.01,0.01,0.0
yellow,121.311172619,137.63824319,0.0,0.01,0.01,0.0
yellow,117.372984743,136.735741801,0.0,0.01,0.01,0.0
yellow,113.352751286,135.751194832,0.0,0.01,0.01,0.0
yellow,109.41456341,134.848693444,0.0,0.01,0.01,0.0
yellow,105.476375533,133.946192056,0.0,0.01,0.01,0.0
yellow,101.538187657,132.961645087,0.0,0.01,0.01,0.0
yellow,97.5179541999,132.059143698,0.0,0.01,0.01,0.0
yellow,95.6309058425,131.566870214,0.0,0.01,0.01,0.0
yellow,91.4465812239,131.074596729,0.0,0.01,0.01,0.0
yellow,87.4263477669,131.402779052,0.0,0.01,0.01,0.0
yellow,86.031572894,131.730961375,0.0,0.01,0.01,0.0
yellow,82.011339437,132.633462764,0.0,0.01,0.01,0.0
yellow,77.9911059799,133.535964152,0.0,0.01,0.01,0.0
yellow,73.9708725228,134.43846554,0.0,0.01,0.01,0.0
yellow,70.0326846465,135.423012509,0.0,0.01,0.01,0.0
yellow,66.0124511895,136.325513898,0.0,0.01,0.01,0.0
yellow,61.9922177324,137.228015286,0.0,0.01,0.01,0.0
yellow,57.9719842754,138.130516674,0.0,0.01,0.01,0.0
yellow,53.9517508183,139.033018063,0.0,0.01,0.01,0.0
yellow,49.9315173612,140.017565032,0.0,0.01,0.01,0.0
yellow,45.9933294849,140.92006642,0.0,0.01,0.01,0.0
yellow,41.9730960279,141.822567808,0.0,0.01,0.01,0.0
yellow,37.9528625708,142.725069197,0.0,0.01,0.01,0.0
yellow,33.9326291137,143.627570585,0.0,0.01,0.01,0.0
yellow,30.0764868182,144.530071973,0.0,0.01,0.01,0.0
yellow,25.8921621996,144.776208716,0.0,0.01,0.01,0.0
yellow,21.7898831618,144.11984407,0.0,0.01,0.01,0.0
yellow,18.1798776085,141.658476647,0.0,0.01,0.01,0.0
yellow,15.4723734436,137.802334351,0.0,0.01,0.01,0.0
yellow,13.3391883439,135.833240413,0.0,0.01,0.01,0.0
yellow,11.8623678903,132.059143698,0.0,0.01,0.01,0.0
yellow,10.3035018559,128.367092564,0.0,0.01,0.01,0.0
yellow,8.74463582155,124.67504143,0.0,0.01,0.01,0.0
yellow,7.18576978717,120.982990296,0.0,0.01,0.01,0.0
yellow,5.6269037528,117.290939162,0.0,0.01,0.01,0.0
yellow,4.06803771843,113.598888028,0.0,0.01,0.01,0.0
yellow,2.50917168406,109.906836894,0.0,0.01,0.01,0.0
yellow,1.03235123045,106.21478576,0.0,0.01,0.01,0.0
yellow,-0.526514803922,102.440689045,0.0,0.01,0.01,0.0
yellow,-2.08538083829,98.9127290728,0.0,0.01,0.01,0.0
yellow,-2.8237910651,94.8924956157,0.0,0.01,0.01,0.0
yellow,-2.98788222661,90.8722621586,0.0,0.01,0.01,0.0
yellow,-2.41356316132,86.6058919593,0.0,0.01,0.01,0.0
yellow,0.0478042613721,83.4061143098,0.0,0.01,0.01,0.0
yellow,2.01689819952,79.8781543373,0.0,0.01,0.01,0.0
yellow,5.46281259129,77.9090603991,0.0,0.01,0.01,0.0
yellow,8.66259024079,75.4476929765,0.0,0.01,0.01,0.0
yellow,12.6828236978,74.7913283304,0.0,0.01,0.01,0.0
yellow,16.7851027357,74.8733739112,0.0,0.01,0.01,0.0
yellow,20.723290612,75.611784138,0.0,0.01,0.01,0.0
yellow,23.8410226807,78.2372427222,0.0,0.01,0.01,0.0
yellow,27.3689826532,80.4524734026,0.0,0.01,0.01,0.0
yellow,28.8458031069,83.4061143098,0.0,0.01,0.01,0.0
yellow,32.1276263371,86.1136184748,0.0,0.01,0.01,0.0
yellow,35.9017230519,88.0827124129,0.0,0.01,0.01,0.0
yellow,39.6758197667,89.395441705,0.0,0.01,0.01,0.0
yellow,44.0242355468,89.3133961243,0.0,0.01,0.01,0.0
yellow,47.7983322616,87.9186212514,0.0,0.01,0.01,0.0
yellow,51.4903833956,85.8674817325,0.0,0.01,0.01,0.0
yellow,54.3619787221,82.667704083,0.0,0.01,0.01,0.0
yellow,55.8387991757,78.5654250452,0.0,0.01,0.01,0.0
yellow,56.6592549833,74.3811004266,0.0,0.01,0.01,0.0
yellow,56.0028903372,70.1147302273,0.0,0.01,0.01,0.0
yellow,54.033796399,66.504724674,0.0,0.01,0.01,0.0
yellow,51.4903833956,63.2229014438,0.0,0.01,0.01,0.0
yellow,47.7162866808,61.1717619249,0.0,0.01,0.01,0.0
yellow,47.5521955193,61.0076707633,0.0,0.01,0.01,0.0
yellow,43.7780988045,59.3667591482,0.0,0.01,0.01,0.0
yellow,40.0040020897,57.6438019523,0.0,0.01,0.01,0.0
yellow,36.2299053749,55.9208447564,0.0,0.01,0.01,0.0
yellow,32.5378542409,54.1978875606,0.0,0.01,0.01,0.0
yellow,28.7637575261,52.4749303647,0.0,0.01,0.01,0.0
yellow,24.9896608113,50.7519731688,0.0,0.01,0.01,0.0
yellow,21.2976096773,49.0290159729,0.0,0.01,0.01,0.0
yellow,17.5235129625,47.306058777,0.0,0.01,0.01,0.0
yellow,13.7494162477,45.5831015811,0.0,0.01,0.01,0.0
yellow,9.97531953289,43.8601443853,0.0,0.01,0.01,0.0
yellow,6.28326839885,42.1371871894,0.0,0.01,0.01,0.0
yellow,2.50917168406,40.4142299935,0.0,0.01,0.01,0.0
yellow,-1.26492503073,38.6912727976,0.0,0.01,0.01,0.0
yellow,-5.03902174552,36.9683156017,0.0,0.01,0.01,0.0
yellow,-8.73107287956,35.2453584058,0.0,0.01,0.01,0.0
yellow,-12.5051695943,33.52240121,0.0,0.01,0.01,0.0
yellow,-16.2792663091,31.7994440141,0.0,0.01,0.01,0.0
yellow,-19.9713174432,30.0764868182,0.0,0.01,0.01,0.0
yellow,-23.745414158,28.4355752031,0.0,0.01,0.01,0.0
yellow,-25.3042801923,27.6971649763,0.0,0.01,0.01,0.0
yellow,-29.4065592302,24.9076152305,0.0,0.01,0.01,0.0
yellow,-32.6063368797,22.0360199041,0.0,0.01,0.01,0.0
yellow,-34.4933852371,18.5080599316,0.0,0.01,0.01,0.0
yellow,-37.200889402,15.3903278628,0.0,0.01,0.01,0.0
yellow,-38.1854363711,11.3700944057,0.0,0.01,0.01,0.0
yellow,-38.1854363711,11.3700944057,0.0,0.01,0.01,0.0
big_orange,146.745302654,135.751194832,0.0,0.01,0.01,0.0
big_orange,146.745302654,143.791661746,0.0,0.01,0.01,0.0
big_orange,147.4016673,135.751194832,0.0,0.01,0.01,0.0
big_orange,147.4016673,143.791661746,0.0,0.01,0.01,0.0
orange,21.5437464195,-18.9867704741,0.0,0.01,0.01,0.0
orange,25.5639798766,-19.4790439586,0.0,0.01,0.01,0.0
orange,29.5021677529,-19.9713174432,0.0,0.01,0.01,0.0
orange,33.52240121,-20.5456365085,0.0,0.01,0.01,0.0
orange,37.542634667,-21.037909993,0.0,0.01,0.01,0.0
orange,41.5628681241,-21.5301834775,0.0,0.01,0.01,0.0
orange,45.5010560004,-22.0224569621,0.0,0.01,0.01,0.0
orange,49.5212894574,-22.5967760274,0.0,0.01,0.01,0.0
orange,53.5415229145,-23.0890495119,0.0,0.01,0.01,0.0
orange,57.4797107908,-23.5813229965,0.0,0.01,0.01,0.0
orange,205.161756152,18.34396877,0.0,0.01,0.01,0.0
orange,205.98221196,14.4057808937,0.0,0.01,0.01,0.0
orange,206.802667767,10.4675930174,0.0,0.01,0.01,0.0
orange,207.623123575,6.52940514112,0.0,0.01,0.01,0.0
orange,208.443579382,2.59121726482,0.0,0.01,0.01,0.0
orange,209.26403519,-1.26492503073,0.0,0.01,0.01,0.0
orange,210.084490998,-5.20311290703,0.0,0.01,0.01,0.0
orange,210.822901224,-9.14130078334,0.0,0.01,0.01,0.0
orange,211.643357032,-13.0794886596,0.0,0.01,0.01,0.0
orange,212.46381284,-17.0176765359,0.0,0.01,0.01,0.0
midpoint,-35.683046157999996,6.65247351226,0.0,0.01,0.01,0.0
midpoint,-34.862590350450006,10.8778209212,0.0,0.01,0.01,0.0
midpoint,-32.1961089759,16.45692041265,0.0,0.01,0.01,0.0
midpoint,-29.81678713395,19.7797664333,0.0,0.01,0.01,0.0
midpoint,-26.3708727422,22.2821566463,0.0,0.01,0.01,0.0
midpoint,-23.54030020605,24.046136632600003,0.0,0.01,0.01,0.0
midpoint,-18.9867704741,26.097276151499997,0.0,0.01,0.01,0.0
midpoint,-15.253696549649998,27.8202333474,0.0,0.01,0.01,0.0
midpoint,-11.520622625249999,29.5431905433,0.0,0.01,0.01,0.0
midpoint,-7.746525910479999,31.26614773915,0.0,0.01,0.01,0.0
midpoint,-4.013451986065,32.98910493505,0.0,0.01,0.01,0.0
midpoint,-0.2393552712755,34.7120621309,0.0,0.01,0.01,0.0
midpoint,3.493718653135,36.4350193268,0.0,0.01,0.01,0.0
midpoint,7.26781536793,38.1579765227,0.0,0.01,0.01,0.0
midpoint,11.000889292345,39.880933718600005,0.0,0.01,0.01,0.0
midpoint,14.733963216749999,41.56286812405,0.0,0.01,0.01,0.0
midpoint,18.50805993155,43.28582531995,0.0,0.01,0.01,0.0
midpoint,22.28215664635,45.00878251585,0.0,0.01,0.01,0.0
midpoint,26.01523057075,46.731739711749995,0.0,0.01,0.01,0.0
midpoint,29.748304495150002,48.45469690765,0.0,0.01,0.01,0.0
midpoint,33.522401209950004,50.177654103500004,0.0,0.01,0.01,0.0
midpoint,37.25547513435,51.900611299350004,0.0,0.01,0.01,0.0
midpoint,41.02957184915,53.62356849525,0.0,0.01,0.01,0.0
midpoint,44.7626457736,55.346525691150006,0.0,0.01,0.01,0.0
midpoint,48.53674248835,57.02846009665,0.0,0.01,0.01,0.0
midpoint,49.521289457449996,57.52073358115,0.0,0.01,0.01,0.0
midpoint,53.336408962600004,60.10516937505,0.0,0.01,0.01,0.0
midpoint,54.813229416249996,61.6640354094,0.0,0.01,0.01,0.0
midpoint,57.52073358115,65.3971093338,0.0,0.01,0.01,0.0
midpoint,59.038576825199996,69.25325162935,0.0,0.01,0.01,0.0
midpoint,59.653918680900006,73.51962182865,0.0,0.01,0.01,0.0
midpoint,59.53085030975,75.6938297187,0.0,0.01,0.01,0.0
midpoint,58.710394502149995,79.8781543373,0.0,0.01,0.01,0.0
midpoint,56.70027777365,83.6112282617,0.0,0.01,0.01,0.0
midpoint,54.3209559317,87.05714265345,0.0,0.01,0.01,0.0
midpoint,52.72106710695,88.4929403167,0.0,0.01,0.01,0.0
midpoint,48.782879230649996,90.913284949,0.0,0.01,0.01,0.0
midpoint,44.844691354350005,92.14396866039999,0.0,0.01,0.01,0.0
midpoint,40.49627557425,92.4721509834,0.0,0.01,0.01,0.0
midpoint,38.03490815155,92.2670370315,0.0,0.01,0.01,0.0
midpoint,34.0556974849,91.1594216913,0.0,0.01,0.01,0.0
midpoint,30.56876030275,88.82112263975,0.0,0.01,0.01,0.0
midpoint,26.8767091687,86.19566405555,0.0,0.01,0.01,0.0
midpoint,25.851139409250003,84.39066127890001,0.0,0.01,0.01,0.0
midpoint,22.44624780785,81.14986083905,0.0,0.01,0.01,0.0
midpoint,19.164424577600002,78.81156178750001,0.0,0.01,0.01,0.0
midpoint,13.21611997275,77.78599202800001,0.0,0.01,0.01,0.0
midpoint,7.637020481335,79.8371315469,0.0,0.01,0.01,0.0
midpoint,4.150083299185,81.76520269470001,0.0,0.01,0.01,0.0
midpoint,2.09894378028105,85.25213987685001,0.0,0.01,0.01,0.0
midpoint,0.0067814709950000385,90.913284949,0.0,0.01,0.01,0.0
midpoint,0.5811005362899999,94.8924956157,0.0,0.01,0.01,0.0
midpoint,2.468148893684,100.471595107,0.0,0.01,0.01,0.0
midpoint,4.027014928055,104.2046690315,0.0,0.01,0.01,0.0
midpoint,5.544858172045,107.8967201655,0.0,0.01,0.01,0.0
midpoint,7.062701416015,111.5887712995,0.0,0.01,0.01,0.0
midpoint,8.6215674504,115.28082243349999,0.0,0.01,0.01,0.0
midpoint,10.180433484785,118.97287356749999,0.0,0.01,0.01,0.0
midpoint,11.739299519174999,122.6649247015,0.0,0.01,0.01,0.0
midpoint,13.298165553499999,126.397998626,0.0,0.01,0.01,0.0
midpoint,14.8570315879,130.09004976,0.0,0.01,0.01,0.0
midpoint,17.44146738175,134.8076706535,0.0,0.01,0.01,0.0
midpoint,18.01578644705,136.038354365,0.0,0.01,0.01,0.0
midpoint,21.051472935,139.07404085299999,0.0,0.01,0.01,0.0
midpoint,29.050917058750002,140.5508613065,0.0,0.01,0.01,0.0
midpoint,32.94808214465,139.6483599185,0.0,0.01,0.01,0.0
midpoint,36.92729281135,138.74585853000002,0.0,0.01,0.01,0.0
midpoint,40.94752626845,137.802334351,0.0,0.01,0.01,0.0
midpoint,44.96775972545,136.899832963,0.0,0.01,0.01,0.0
midpoint,48.94697039215,135.99733157499998,0.0,0.01,0.01,0.0
midpoint,52.967203849200004,135.053807396,0.0,0.01,0.01,0.0
midpoint,56.987437306299995,134.1513060075,0.0,0.01,0.01,0.0
midpoint,61.00767076335,133.207781829,0.0,0.01,0.01,0.0
midpoint,64.98688143005,132.30528044099998,0.0,0.01,0.01,0.0
midpoint,69.00711488705,131.402779052,0.0,0.01,0.01,0.0
midpoint,72.98632555374999,130.45925487350002,0.0,0.01,0.01,0.0
midpoint,77.00655901085,129.5567534855,0.0,0.01,0.01,0.0
midpoint,81.02679246790001,128.65425209699998,0.0,0.01,0.01,0.0
midpoint,85.04702592495,127.710727918,0.0,0.01,0.01,0.0
midpoint,87.2622566054,127.3005000145,0.0,0.01,0.01,0.0
midpoint,91.4465812239,127.054363272,0.0,0.01,0.01,0.0
midpoint,95.6309058425,127.587659547,0.0,0.01,0.01,0.0
midpoint,96.5744300212,127.79277349899999,0.0,0.01,0.01,0.0
midpoint,101.538187657,128.98243442,0.0,0.01,0.01,0.0
midpoint,105.476375533,129.925958599,0.0,0.01,0.01,0.0
midpoint,109.41456341,130.8694827775,0.0,0.01,0.01,0.0
midpoint,113.352751286,131.77198416550002,0.0,0.01,0.01,0.0
midpoint,117.372984743,132.715508344,0.0,0.01,0.01,0.0
midpoint,121.311172619,133.659032523,0.0,0.01,0.01,0.0
midpoint,125.249360496,134.60255670200002,0.0,0.01,0.01,0.0
midpoint,129.269593953,135.5460808805,0.0,0.01,0.01,0.0
midpoint,133.207781829,136.48960505899998,0.0,0.01,0.01,0.0
midpoint,137.145969705,137.433129238,0.0,0.01,0.01,0.0
midpoint,141.084157582,138.376653417,0.0,0.01,0.01,0.0
midpoint,145.104391039,139.27915480500002,0.0,0.01,0.01,0.0
midpoint,146.4991659115,139.730405499,0.0,0.01,0.01,0.0
midpoint,150.72451332050002,140.87904362950002,0.0,0.01,0.01,0.0
midpoint,154.6627011965,141.8225678085,0.0,0.01,0.01,0.0
midpoint,158.5598662825,142.76609198699998,0.0,0.01,0.01,0.0
midpoint,162.4570313685,143.709616166,0.0,0.01,0.01,0.0
midpoint,166.3541964545,144.6531403445,0.0,0.01,0.01,0.0
midpoint,170.2513615405,145.59666452300002,0.0,0.01,0.01,0.0
midpoint,174.1485266265,146.5401887015,0.0,0.01,0.01,0.0
midpoint,178.045691712,147.48371288049998,0.0,0.01,0.01,0.0
midpoint,181.9838795885,148.4272370595,0.0,0.01,0.01,0.0
midpoint,185.8810446745,149.3297384475,0.0,0.01,0.01,0.0
midpoint,189.77820976049998,150.3142854165,0.0,0.01,0.01,0.0
midpoint,193.6753748465,151.216786805,0.0,0.01,0.01,0.0
midpoint,197.57253993199998,152.201333774,0.0,0.01,0.01,0.0
midpoint,203.6439129085,152.939744001,0.0,0.01,0.01,0.0
midpoint,207.62312357500002,152.0782654025,0.0,0.01,0.01,0.0
midpoint,213.2842686475,149.370761238,0.0,0.01,0.01,0.0
midpoint,216.1558639735,146.581211492,0.0,0.01,0.01,0.0
midpoint,219.0684820905,141.3302943235,0.0,0.01,0.01,0.0
midpoint,219.9299606885,134.8076706535,0.0,0.01,0.01,0.0
midpoint,219.232573252,130.7874371965,0.0,0.01,0.01,0.0
midpoint,216.2789323445,125.2083377055,0.0,0.01,0.01,0.0
midpoint,213.489382599,122.336742379,0.0,0.01,0.01,0.0
midpoint,208.15641985000002,119.670261004,0.0,0.01,0.01,0.0
midpoint,204.34130034449998,118.2754861315,0.0,0.01,0.01,0.0
midpoint,200.64924921099998,116.6755973065,0.0,0.01,0.01,0.0
midpoint,199.17242875699998,115.28082243349999,0.0,0.01,0.01,0.0
midpoint,195.767537156,112.819455011,0.0,0.01,0.01,0.0
midpoint,193.265146943,109.61967736150001,0.0,0.01,0.01,0.0
midpoint,191.99344044100002,108.01978853700001,0.0,0.01,0.01,0.0
midpoint,190.1884376645,104.3687601935,0.0,0.01,0.01,0.0
midpoint,189.1218451145,100.47159510705,0.0,0.01,0.01,0.0
midpoint,188.7116172105,96.45136165010001,0.0,0.01,0.01,0.0
midpoint,188.67059442,94.44124492155001,0.0,0.01,0.01,0.0
midpoint,189.24491348549998,90.3389658837,0.0,0.01,0.01,0.0
midpoint,189.285936276,90.29794309335,0.0,0.01,0.01,0.0
midpoint,190.1884376645,86.31873242665,0.0,0.01,0.01,0.0
midpoint,191.0909390525,82.38054455035001,0.0,0.01,0.01,0.0
midpoint,191.99344044100002,78.4013338837,0.0,0.01,0.01,0.0
midpoint,192.85491903899998,74.4631460074,0.0,0.01,0.01,0.0
midpoint,193.757420427,70.4839353407,0.0,0.01,0.01,0.0
midpoint,194.65992181500002,66.54574746435,0.0,0.01,0.01,0.0
midpoint,195.562423204,62.566536797699996,0.0,0.01,0.01,0.0
midpoint,196.464924592,58.628348921400004,0.0,0.01,0.01,0.0
midpoint,197.36742598,54.64913825475,0.0,0.01,0.01,0.0
midpoint,198.26992736900002,50.71095037845,0.0,0.01,0.01,0.0
midpoint,199.17242875699998,46.73173971175,0.0,0.01,0.01,0.0
midpoint,200.033907355,42.79355183545,0.0,0.01,0.01,0.0
midpoint,200.033907355,42.71150625465,0.0,0.01,0.01,0.0
midpoint,200.2800440975,41.76798207595,0.0,0.01,0.01,0.0
midpoint,201.1004999045,37.82979419965,0.0,0.01,0.01,0.0
midpoint,201.92095571250002,33.891606323350004,0.0,0.01,0.01,0.0
midpoint,202.74141151999999,29.953418447049998,0.0,0.01,0.01,0.0
midpoint,203.5618673275,26.05625336115,0.0,0.01,0.01,0.0
midpoint,204.38232313499998,22.11806548485,0.0,0.01,0.01,0.0
midpoint,205.161756152,18.343968770049997,0.0,0.01,0.01,0.0
midpoint,205.98221196,14.405780893749998,0.0,0.01,0.01,0.0
midpoint,206.761644977,10.467593017425,0.0,0.01,0.01,0.0
midpoint,207.5821007845,6.529405141125,0.0,0.01,0.01,0.0
midpoint,208.402556592,2.632240055195,0.0,0.01,0.01,0.0
midpoint,209.2230123995,-1.3059478211064999,0.0,0.01,0.01,0.0
midpoint,210.04346820749998,-5.244135697415,0.0,0.01,0.01,0.0
midpoint,210.86392401450001,-9.14130078333,0.0,0.01,0.01,0.0
midpoint,211.6843798225,-13.07948865965,0.0,0.01,0.01,0.0
midpoint,212.50483563,-17.017676535950002,0.0,0.01,0.01,0.0
midpoint,212.7919951625,-21.7352974294,0.0,0.01,0.01,0.0
midpoint,210.65881006299998,-27.35541971125,0.0,0.01,0.01,0.0
midpoint,208.6897161245,-31.088493635650003,0.0,0.01,0.01,0.0
midpoint,205.243801733,-33.3857698968,0.0,0.01,0.01,0.0
midpoint,199.049360386,-35.970205690650005,0.0,0.01,0.01,0.0
midpoint,194.94708134799998,-35.929182900300006,0.0,0.01,0.01,0.0
midpoint,189.450027437,-33.4678154776,0.0,0.01,0.01,0.0
midpoint,185.798999094,-31.1705392164,0.0,0.01,0.01,0.0
midpoint,184.69138375350002,-29.939855505049998,0.0,0.01,0.01,0.0
midpoint,181.90183400749999,-26.904169017100003,0.0,0.01,0.01,0.0
midpoint,179.1122842625,-23.8684825291,0.0,0.01,0.01,0.0
midpoint,176.32273451650002,-20.8327960411,0.0,0.01,0.01,0.0
midpoint,173.5331847705,-17.79710955315,0.0,0.01,0.01,0.0
midpoint,170.7436350245,-14.761423065150002,0.0,0.01,0.01,0.0
midpoint,167.95408527950002,-11.725736577165,0.0,0.01,0.01,0.0
midpoint,165.123512743,-8.690050089175,0.0,0.01,0.01,0.0
midpoint,162.3339629975,-5.65436360119,0.0,0.01,0.01,0.0
midpoint,159.54441325200003,-2.6186771132095004,0.0,0.01,0.01,0.0
midpoint,156.754863506,0.41700937478,0.0,0.01,0.01,0.0
midpoint,153.96531376000002,3.4937186531399997,0.0,0.01,0.01,0.0
midpoint,151.1757640145,6.529405141125,0.0,0.01,0.01,0.0
midpoint,148.3451914785,9.56509162913,0.0,0.01,0.01,0.0
midpoint,145.55564173250002,12.60077811705,0.0,0.01,0.01,0.0
midpoint,142.7660919875,15.636464605050001,0.0,0.01,0.01,0.0
midpoint,139.9765422415,18.67215109305,0.0,0.01,0.01,0.0
midpoint,137.18699249550002,21.70783758105,0.0,0.01,0.01,0.0
midpoint,134.3974427495,24.74352406905,0.0,0.01,0.01,0.0
midpoint,131.6078930045,27.77921055705,0.0,0.01,0.01,0.0
midpoint,131.23868789099998,28.189438460799998,0.0,0.01,0.01,0.0
midpoint,128.449138145,30.1995551893,0.0,0.01,0.01,0.0
midpoint,125.00322375350001,32.4968314505,0.0,0.01,0.01,0.0
midpoint,120.941967506,33.2762644677,0.0,0.01,0.01,0.0
midpoint,118.8498051965,33.3993328388,0.0,0.01,0.01,0.0
midpoint,114.8295717395,32.61989982165,0.0,0.01,0.01,0.0
midpoint,110.645247121,31.020010996899998,0.0,0.01,0.01,0.0
midpoint,107.44546947149999,28.5996663646,0.0,0.01,0.01,0.0
midpoint,106.00967180800001,27.122845911,0.0,0.01,0.01,0.0
midpoint,104.08160065999999,23.47181756735,0.0,0.01,0.01,0.0
midpoint,103.46625880455,21.4617008388,0.0,0.01,0.01,0.0
midpoint,102.85091694900001,17.44146738175,0.0,0.01,0.01,0.0
midpoint,103.38421322375001,13.3802111343,0.0,0.01,0.01,0.0
midpoint,103.8354639179,11.288048825015,0.0,0.01,0.01,0.0
midpoint,105.9686490175,7.80111164285,0.0,0.01,0.01,0.0
midpoint,108.22490248849999,4.437242831835,0.0,0.01,0.01,0.0
midpoint,109.9478596845,3.370650282004,0.0,0.01,0.01,0.0
midpoint,110.111950846,2.919399587844,0.0,0.01,0.01,0.0
midpoint,114.460366626,-0.854697126945,0.0,0.01,0.01,0.0
midpoint,117.167870791,-6.59788777989,0.0,0.01,0.01,0.0
midpoint,118.029349389,-10.536075656200001,0.0,0.01,0.01,0.0
midpoint,116.1012782415,-18.2483602473,0.0,0.01,0.01,0.0
midpoint,115.23979964349999,-20.094385814299997,0.0,0.01,0.01,0.0
midpoint,111.5887712995,-24.9350750789,0.0,0.01,0.01,0.0
midpoint,106.2558085505,-27.6836020343,0.0,0.01,0.01,0.0
midpoint,102.358643465,-28.79121737445,0.0,0.01,0.01,0.0
midpoint,98.2563644267,-28.7912173745,0.0,0.01,0.01,0.0
midpoint,94.4002221312,-28.29894388995,0.0,0.01,0.01,0.0
midpoint,90.3799886741,-27.8066704054,0.0,0.01,0.01,0.0
midpoint,86.4418007978,-27.2733741305,0.0,0.01,0.01,0.0
midpoint,82.4215673407,-26.7400778556,0.0,0.01,0.01,0.0
midpoint,78.4833794644,-26.247804371,0.0,0.01,0.01,0.0
midpoint,74.4631460074,-25.7555308865,0.0,0.01,0.01,0.0
midpoint,70.5249581311,-25.263257402,0.0,0.01,0.01,0.0
midpoint,66.504724674,-24.72996112705,0.0,0.01,0.01,0.0
midpoint,62.5665367977,-24.1966648521,0.0,0.01,0.01,0.0
midpoint,58.5463033406,-23.7043913676,0.0,0.01,0.01,0.0
midpoint,57.971984275349996,-23.6633685772,0.0,0.01,0.01,0.0
midpoint,57.4797107908,-23.581322996449998,0.0,0.01,0.01,0.0
midpoint,53.5415229145,-23.0480267215,0.0,0.01,0.01,0.0
midpoint,49.5212894574,-22.555753237,0.0,0.01,0.01,0.0
midpoint,45.5010560004,-22.0634797525,0.0,0.01,0.01,0.0
midpoint,41.5628681241,-21.5712062679,0.0,0.01,0.01,0.0
midpoint,37.542634667,-20.9968872026,0.0,0.01,0.01,0.0
midpoint,33.52240121,-20.5046137181,0.0,0.01,0.01,0.0
midpoint,29.5021677529,-20.01234023355,0.0,0.01,0.01,0.0
midpoint,25.5639798766,-19.520066749,0.0,0.01,0.01,0.0
midpoint,21.5437464195,-18.986770474100002,0.0,0.01,0.01,0.0
midpoint,17.687604124,-18.49449698955,0.0,0.01,0.01,0.0
midpoint,13.6673706669,-17.961200714649998,0.0,0.01,0.01,0.0
midpoint,9.72918279062,-17.4689272301,0.0,0.01,0.01,0.0
midpoint,5.70894933356,-16.9766537456,0.0,0.01,0.01,0.0
midpoint,1.77076145726,-16.484380261,0.0,0.01,0.01,0.0
midpoint,-2.24947199981,-15.992106776499998,0.0,0.01,0.01,0.0
midpoint,-6.18765987611,-15.417787711199999,0.0,0.01,0.01,0.0
midpoint,-10.2078933332,-14.925514226699999,0.0,0.01,0.01,0.0
midpoint,-14.1460812095,-14.4332407421,0.0,0.01,0.01,0.0
midpoint,-18.5765425703,-13.899944467200001,0.0,0.01,0.01,0.0
midpoint,-22.22757091395,-12.997443078900002,0.0,0.01,0.01,0.0
midpoint,-28.0117843573,-9.920733800539999,0.0,0.01,0.01,0.0
midpoint,-31.047470845299998,-6.967092893295,0.0,0.01,0.01,0.0
midpoint,-33.4678154776,-3.43913292077,0.0,0.01,0.01,0.0
midpoint,-35.067704302349995,0.33496379402,0.0,0.01,0.01,0.0
midpoint,-35.683046157999996,6.65247351226,0.0,0.01,0.01,0.0
inactive_noise,-40.0724847285,-13.0794886596,0.0,0.01,0.01,0.0
inactive_noise,-39.0058921786,14.980099959,0.0,0.01,0.01,0.0
inactive_noise,-39.0058921786,110.973429444,0.0,0.01,0.01,0.0
inactive_noise,-39.0058921786,114.993662901,0.0,0.01,0.01,0.0
inactive_noise,-39.0058921786,127.956864661,0.0,0.01,0.01,0.0
inactive_noise,-38.0213452096,124.921178173,0.0,0.01,0.01,0.0
inactive_noise,-37.0367982405,43.942189966,0.0,0.01,0.01,0.0
inactive_noise,-37.0367982405,129.925958599,0.0,0.01,0.01,0.0
inactive_noise,-37.0367982405,155.934407698,0.0,0.01,0.01,0.0
inactive_noise,-36.0522512714,-13.0794886596,0.0,0.01,0.01,0.0
inactive_noise,-36.0522512714,58.9565312444,0.0,0.01,0.01,0.0
inactive_noise,-35.0677043023,-36.0522512714,0.0,0.01,0.01,0.0
inactive_noise,-33.0165647834,118.931850777,0.0,0.01,0.01,0.0
inactive_noise,-32.0320178144,-30.0629238762,0.0,0.01,0.01,0.0
inactive_noise,-31.0474708453,10.959866502,0.0,0.01,0.01,0.0
inactive_noise,-31.0474708453,93.9899942274,0.0,0.01,0.01,0.0
inactive_noise,-30.0629238762,59.9410782135,0.0,0.01,0.01,0.0
inactive_noise,-30.0629238762,151.996219822,0.0,0.01,0.01,0.0
inactive_noise,-29.0783769071,151.996219822,0.0,0.01,0.01,0.0
inactive_noise,-27.0272373882,9.97531953289,0.0,0.01,0.01,0.0
inactive_noise,-26.0426904191,117.947303808,0.0,0.01,0.01,0.0
inactive_noise,-25.0581434501,-40.0724847285,0.0,0.01,0.01,0.0
inactive_noise,-25.0581434501,35.9837686327,0.0,0.01,0.01,0.0
inactive_noise,-25.0581434501,38.9374095399,0.0,0.01,0.01,0.0
inactive_noise,-25.0581434501,121.967537265,0.0,0.01,0.01,0.0
inactive_noise,-24.073596481,33.9326291137,0.0,0.01,0.01,0.0
inactive_noise,-24.073596481,40.9885490588,0.0,0.01,0.01,0.0
inactive_noise,-23.0070039312,40.9885490588,0.0,0.01,0.01,0.0
inactive_noise,-23.0070039312,83.9804333751,0.0,0.01,0.01,0.0
inactive_noise,-23.0070039312,129.925958599,0.0,0.01,0.01,0.0
inactive_noise,-22.0224569621,95.9590881655,0.0,0.01,0.01,0.0
inactive_noise,-22.0224569621,133.946192056,0.0,0.01,0.01,0.0
inactive_noise,-21.037909993,-19.0688160549,0.0,0.01,0.01,0.0
inactive_noise,-21.037909993,52.9672038492,0.0,0.01,0.01,0.0
inactive_noise,-21.037909993,85.9495273133,0.0,0.01,0.01,0.0
inactive_noise,-21.037909993,150.929627272,0.0,0.01,0.01,0.0
inactive_noise,-19.0688160549,33.9326291137,0.0,0.01,0.01,0.0
inactive_noise,-19.0688160549,93.9899942274,0.0,0.01,0.01,0.0
inactive_noise,-18.002223505,-32.0320178144,0.0,0.01,0.01,0.0
inactive_noise,-18.002223505,-27.0272373882,0.0,0.01,0.01,0.0
inactive_noise,-18.002223505,134.930739025,0.0,0.01,0.01,0.0
inactive_noise,-18.002223505,142.971205939,0.0,0.01,0.01,0.0
inactive_noise,-17.0176765359,77.9911059799,0.0,0.01,0.01,0.0
inactive_noise,-17.0176765359,117.947303808,0.0,0.01,0.01,0.0
inactive_noise,-17.0176765359,128.94141163,0.0,0.01,0.01,0.0
inactive_noise,-17.0176765359,149.945080303,0.0,0.01,0.01,0.0
inactive_noise,-16.0331295669,-28.0117843573,0.0,0.01,0.01,0.0
inactive_noise,-16.0331295669,55.9208447564,0.0,0.01,0.01,0.0
inactive_noise,-16.0331295669,92.9234016776,0.0,0.01,0.01,0.0
inactive_noise,-15.0485825978,18.9182878353,0.0,0.01,0.01,0.0
inactive_noise,-15.0485825978,108.922289925,0.0,0.01,0.01,0.0
inactive_noise,-15.0485825978,157.985547217,0.0,0.01,0.01,0.0
inactive_noise,-14.0640356287,146.991439396,0.0,0.01,0.01,0.0
inactive_noise,-13.0794886596,97.9281821037,0.0,0.01,0.01,0.0
inactive_noise,-12.0128961098,115.97820987,0.0,0.01,0.01,0.0
inactive_noise,-12.0128961098,147.975986365,0.0,0.01,0.01,0.0
inactive_noise,-11.0283491407,13.99555299,0.0,0.01,0.01,0.0
inactive_noise,-11.0283491407,147.975986365,0.0,0.01,0.01,0.0
inactive_noise,-10.0438021717,39.921956509,0.0,0.01,0.01,0.0
inactive_noise,-9.05925520258,120.982990296,0.0,0.01,0.01,0.0
inactive_noise,-9.05925520258,135.997331575,0.0,0.01,0.01,0.0
inactive_noise,-7.00811568367,147.975986365,0.0,0.01,0.01,0.0
inactive_noise,-7.00811568367,151.996219822,0.0,0.01,0.01,0.0
inactive_noise,-6.0235687146,-37.0367982405,0.0,0.01,0.01,0.0
inactive_noise,-6.0235687146,26.9587547495,0.0,0.01,0.01,0.0
inactive_noise,-5.03902174552,24.9896608113,0.0,0.01,0.01,0.0
inactive_noise,-5.03902174552,112.942523382,0.0,0.01,0.01,0.0
inactive_noise,-5.03902174552,147.975986365,0.0,0.01,0.01,0.0
inactive_noise,-4.05447477645,-34.0011117525,0.0,0.01,0.01,0.0
inactive_noise,-3.06992780737,-35.0677043023,0.0,0.01,0.01,0.0
inactive_noise,-3.06992780737,69.9506390658,0.0,0.01,0.01,0.0
inactive_noise,-2.00333525754,9.97531953289,0.0,0.01,0.01,0.0
inactive_noise,-2.00333525754,115.97820987,0.0,0.01,0.01,0.0
inactive_noise,-1.01878828846,51.9826568801,0.0,0.01,0.01,0.0
inactive_noise,-1.01878828846,77.9911059799,0.0,0.01,0.01,0.0
inactive_noise,-0.0342413193842,-27.0272373882,0.0,0.01,0.01,0.0
inactive_noise,0.950305649692,-36.0522512714,0.0,0.01,0.01,0.0
inactive_noise,0.950305649692,5.95508607583,0.0,0.01,0.01,0.0
inactive_noise,0.950305649692,10.959866502,0.0,0.01,0.01,0.0
inactive_noise,0.950305649692,55.9208447564,0.0,0.01,0.01,0.0
inactive_noise,1.93485261877,9.97531953289,0.0,0.01,0.01,0.0
inactive_noise,1.93485261877,126.972317691,0.0,0.01,0.01,0.0
inactive_noise,2.91939958784,95.9590881655,0.0,0.01,0.01,0.0
inactive_noise,3.98599213768,90.9543077394,0.0,0.01,0.01,0.0
inactive_noise,3.98599213768,157.985547217,0.0,0.01,0.01,0.0
inactive_noise,4.97053910675,130.992551149,0.0,0.01,0.01,0.0
inactive_noise,5.95508607583,-31.0474708453,0.0,0.01,0.01,0.0
inactive_noise,6.93963304491,-22.0224569621,0.0,0.01,0.01,0.0
inactive_noise,6.93963304491,13.99555299,0.0,0.01,0.01,0.0
inactive_noise,9.97531953289,69.9506390658,0.0,0.01,0.01,0.0
inactive_noise,10.959866502,-15.0485825978,0.0,0.01,0.01,0.0
inactive_noise,10.959866502,24.9896608113,0.0,0.01,0.01,0.0
inactive_noise,10.959866502,142.971205939,0.0,0.01,0.01,0.0
inactive_noise,12.9289604401,62.9767647015,0.0,0.01,0.01,0.0
inactive_noise,12.9289604401,156.918954668,0.0,0.01,0.01,0.0
inactive_noise,13.99555299,-12.0128961098,0.0,0.01,0.01,0.0
inactive_noise,13.99555299,63.9613116706,0.0,0.01,0.01,0.0
inactive_noise,13.99555299,151.996219822,0.0,0.01,0.01,0.0
inactive_noise,14.980099959,-36.0522512714,0.0,0.01,0.01,0.0
inactive_noise,14.980099959,24.9896608113,0.0,0.01,0.01,0.0
inactive_noise,14.980099959,96.9436351346,0.0,0.01,0.01,0.0
inactive_noise,14.980099959,114.993662901,0.0,0.01,0.01,0.0
inactive_noise,14.980099959,123.936631203,0.0,0.01,0.01,0.0
inactive_noise,15.9646469281,83.9804333751,0.0,0.01,0.01,0.0
inactive_noise,18.9182878353,68.9660920967,0.0,0.01,0.01,0.0
inactive_noise,18.9182878353,96.9436351346,0.0,0.01,0.01,0.0
inactive_noise,20.9694273542,116.962756839,0.0,0.01,0.01,0.0
inactive_noise,22.9385212924,-6.0235687146,0.0,0.01,0.01,0.0
inactive_noise,22.9385212924,76.9245134301,0.0,0.01,0.01,0.0
inactive_noise,22.9385212924,147.975986365,0.0,0.01,0.01,0.0
inactive_noise,23.9230682615,-29.0783769071,0.0,0.01,0.01,0.0
inactive_noise,23.9230682615,-25.0581434501,0.0,0.01,0.01,0.0
inactive_noise,23.9230682615,110.973429444,0.0,0.01,0.01,0.0
inactive_noise,23.9230682615,122.952084234,0.0,0.01,0.01,0.0
inactive_noise,24.9896608113,-14.0640356287,0.0,0.01,0.01,0.0
inactive_noise,24.9896608113,-9.05925520258,0.0,0.01,0.01,0.0
inactive_noise,24.9896608113,32.9480821447,0.0,0.01,0.01,0.0
inactive_noise,24.9896608113,70.9351860349,0.0,0.01,0.01,0.0
inactive_noise,24.9896608113,124.921178173,0.0,0.01,0.01,0.0
inactive_noise,27.9433017185,-13.0794886596,0.0,0.01,0.01,0.0
inactive_noise,27.9433017185,-7.00811568367,0.0,0.01,0.01,0.0
inactive_noise,27.9433017185,120.982990296,0.0,0.01,0.01,0.0
inactive_noise,28.9278486876,109.988882475,0.0,0.01,0.01,0.0
inactive_noise,29.9944412374,54.9362977874,0.0,0.01,0.01,0.0
inactive_noise,30.9789882065,1.93485261877,0.0,0.01,0.01,0.0
inactive_noise,30.9789882065,145.924846846,0.0,0.01,0.01,0.0
inactive_noise,31.9635351756,68.9660920967,0.0,0.01,0.01,0.0
inactive_noise,32.9480821447,-36.0522512714,0.0,0.01,0.01,0.0
inactive_noise,32.9480821447,17.9337408663,0.0,0.01,0.01,0.0
inactive_noise,32.9480821447,74.9554194919,0.0,0.01,0.01,0.0
inactive_noise,33.9326291137,148.960533334,0.0,0.01,0.01,0.0
inactive_noise,34.9992216636,-5.03902174552,0.0,0.01,0.01,0.0
inactive_noise,35.9837686327,115.97820987,0.0,0.01,0.01,0.0
inactive_noise,36.9683156017,-40.0724847285,0.0,0.01,0.01,0.0
inactive_noise,36.9683156017,24.9896608113,0.0,0.01,0.01,0.0
inactive_noise,36.9683156017,128.94141163,0.0,0.01,0.01,0.0
inactive_noise,37.9528625708,-28.0117843573,0.0,0.01,0.01,0.0
inactive_noise,37.9528625708,-3.06992780737,0.0,0.01,0.01,0.0
inactive_noise,38.9374095399,-1.01878828846,0.0,0.01,0.01,0.0
inactive_noise,39.921956509,95.9590881655,0.0,0.01,0.01,0.0
inactive_noise,39.921956509,97.9281821037,0.0,0.01,0.01,0.0
inactive_noise,39.921956509,145.924846846,0.0,0.01,0.01,0.0
inactive_noise,40.9885490588,-0.0342413193842,0.0,0.01,0.01,0.0
inactive_noise,42.9576429969,47.9624234231,0.0,0.01,0.01,0.0
inactive_noise,42.9576429969,98.9947746535,0.0,0.01,0.01,0.0
inactive_noise,42.9576429969,101.948415561,0.0,0.01,0.01,0.0
inactive_noise,42.9576429969,142.971205939,0.0,0.01,0.01,0.0
inactive_noise,43.942189966,3.98599213768,0.0,0.01,0.01,0.0
inactive_noise,43.942189966,10.959866502,0.0,0.01,0.01,0.0
inactive_noise,43.942189966,117.947303808,0.0,0.01,0.01,0.0
inactive_noise,44.9267369351,103.99955508,0.0,0.01,0.01,0.0
inactive_noise,45.9933294849,3.98599213768,0.0,0.01,0.01,0.0
inactive_noise,45.9933294849,19.9848803852,0.0,0.01,0.01,0.0
inactive_noise,46.977876454,108.922289925,0.0,0.01,0.01,0.0
inactive_noise,47.9624234231,-3.06992780737,0.0,0.01,0.01,0.0
inactive_noise,47.9624234231,-1.01878828846,0.0,0.01,0.01,0.0
inactive_noise,47.9624234231,104.984102049,0.0,0.01,0.01,0.0
inactive_noise,48.9469703922,94.9745411965,0.0,0.01,0.01,0.0
inactive_noise,48.9469703922,109.988882475,0.0,0.01,0.01,0.0
inactive_noise,48.9469703922,141.98665897,0.0,0.01,0.01,0.0
inactive_noise,49.9315173612,13.99555299,0.0,0.01,0.01,0.0
inactive_noise,49.9315173612,159.954641155,0.0,0.01,0.01,0.0
inactive_noise,52.9672038492,76.9245134301,0.0,0.01,0.01,0.0
inactive_noise,53.9517508183,-5.03902174552,0.0,0.01,0.01,0.0
inactive_noise,53.9517508183,14.980099959,0.0,0.01,0.01,0.0
inactive_noise,54.9362977874,24.9896608113,0.0,0.01,0.01,0.0
inactive_noise,54.9362977874,118.931850777,0.0,0.01,0.01,0.0
inactive_noise,54.9362977874,139.935519451,0.0,0.01,0.01,0.0
inactive_noise,55.9208447564,16.9491938972,0.0,0.01,0.01,0.0
inactive_noise,56.9874373063,129.925958599,0.0,0.01,0.01,0.0
inactive_noise,57.9719842754,-39.0058921786,0.0,0.01,0.01,0.0
inactive_noise,57.9719842754,21.9539743233,0.0,0.01,0.01,0.0
inactive_noise,58.9565312444,-27.0272373882,0.0,0.01,0.01,0.0
inactive_noise,59.9410782135,5.95508607583,0.0,0.01,0.01,0.0
inactive_noise,59.9410782135,15.9646469281,0.0,0.01,0.01,0.0
inactive_noise,59.9410782135,84.9649803442,0.0,0.01,0.01,0.0
inactive_noise,59.9410782135,149.945080303,0.0,0.01,0.01,0.0
inactive_noise,60.9256251826,33.9326291137,0.0,0.01,0.01,0.0
inactive_noise,61.9922177324,0.950305649692,0.0,0.01,0.01,0.0
inactive_noise,61.9922177324,114.993662901,0.0,0.01,0.01,0.0
inactive_noise,62.9767647015,41.9730960279,0.0,0.01,0.01,0.0
inactive_noise,62.9767647015,103.99955508,0.0,0.01,0.01,0.0
inactive_noise,63.9613116706,9.97531953289,0.0,0.01,0.01,0.0
inactive_noise,63.9613116706,37.9528625708,0.0,0.01,0.01,0.0
inactive_noise,63.9613116706,161.923735094,0.0,0.01,0.01,0.0
inactive_noise,64.9458586396,47.9624234231,0.0,0.01,0.01,0.0
inactive_noise,65.9304056087,20.9694273542,0.0,0.01,0.01,0.0
inactive_noise,65.9304056087,48.9469703922,0.0,0.01,0.01,0.0
inactive_noise,65.9304056087,90.9543077394,0.0,0.01,0.01,0.0
inactive_noise,65.9304056087,157.985547217,0.0,0.01,0.01,0.0
inactive_noise,66.9969981586,48.9469703922,0.0,0.01,0.01,0.0
inactive_noise,67.9815451276,138.950972482,0.0,0.01,0.01,0.0
inactive_noise,67.9815451276,156.918954668,0.0,0.01,0.01,0.0
inactive_noise,68.9660920967,-17.0176765359,0.0,0.01,0.01,0.0
inactive_noise,68.9660920967,78.975652949,0.0,0.01,0.01,0.0
inactive_noise,69.9506390658,160.939188125,0.0,0.01,0.01,0.0
inactive_noise,70.9351860349,39.921956509,0.0,0.01,0.01,0.0
inactive_noise,70.9351860349,142.971205939,0.0,0.01,0.01,0.0
inactive_noise,71.9197330039,34.9992216636,0.0,0.01,0.01,0.0
inactive_noise,72.9863255538,-9.05925520258,0.0,0.01,0.01,0.0
inactive_noise,72.9863255538,49.9315173612,0.0,0.01,0.01,0.0
inactive_noise,72.9863255538,63.9613116706,0.0,0.01,0.01,0.0
inactive_noise,72.9863255538,81.9292938562,0.0,0.01,0.01,0.0
inactive_noise,73.9708725228,17.9337408663,0.0,0.01,0.01,0.0
inactive_noise,73.9708725228,72.9863255538,0.0,0.01,0.01,0.0
inactive_noise,73.9708725228,114.993662901,0.0,0.01,0.01,0.0
inactive_noise,74.9554194919,14.980099959,0.0,0.01,0.01,0.0
inactive_noise,74.9554194919,91.9388547085,0.0,0.01,0.01,0.0
inactive_noise,74.9554194919,109.988882475,0.0,0.01,0.01,0.0
inactive_noise,75.939966461,58.9565312444,0.0,0.01,0.01,0.0
inactive_noise,76.9245134301,49.9315173612,0.0,0.01,0.01,0.0
inactive_noise,76.9245134301,139.935519451,0.0,0.01,0.01,0.0
inactive_noise,77.9911059799,-9.05925520258,0.0,0.01,0.01,0.0
inactive_noise,77.9911059799,139.935519451,0.0,0.01,0.01,0.0
inactive_noise,78.975652949,11.944413471,0.0,0.01,0.01,0.0
inactive_noise,78.975652949,51.9826568801,0.0,0.01,0.01,0.0
inactive_noise,78.975652949,99.9793216226,0.0,0.01,0.01,0.0
inactive_noise,79.9601999181,81.9292938562,0.0,0.01,0.01,0.0
inactive_noise,80.9447468871,30.9789882065,0.0,0.01,0.01,0.0
inactive_noise,81.9292938562,62.9767647015,0.0,0.01,0.01,0.0
inactive_noise,82.995886406,-5.03902174552,0.0,0.01,0.01,0.0
inactive_noise,82.995886406,42.9576429969,0.0,0.01,0.01,0.0
inactive_noise,82.995886406,122.952084234,0.0,0.01,0.01,0.0
inactive_noise,82.995886406,140.92006642,0.0,0.01,0.01,0.0
inactive_noise,83.9804333751,86.9340742823,0.0,0.01,0.01,0.0
inactive_noise,83.9804333751,94.9745411965,0.0,0.01,0.01,0.0
inactive_noise,84.9649803442,-10.0438021717,0.0,0.01,0.01,0.0
inactive_noise,84.9649803442,28.9278486876,0.0,0.01,0.01,0.0
inactive_noise,84.9649803442,65.9304056087,0.0,0.01,0.01,0.0
inactive_noise,84.9649803442,132.961645087,0.0,0.01,0.01,0.0
inactive_noise,85.9495273133,2.91939958784,0.0,0.01,0.01,0.0
inactive_noise,85.9495273133,142.971205939,0.0,0.01,0.01,0.0
inactive_noise,86.9340742823,110.973429444,0.0,0.01,0.01,0.0
inactive_noise,88.9852138013,31.9635351756,0.0,0.01,0.01,0.0
inactive_noise,90.9543077394,15.9646469281,0.0,0.01,0.01,0.0
inactive_noise,90.9543077394,160.939188125,0.0,0.01,0.01,0.0
inactive_noise,93.9899942274,-35.0677043023,0.0,0.01,0.01,0.0
inactive_noise,95.9590881655,152.980766791,0.0,0.01,0.01,0.0
inactive_noise,97.9281821037,0.950305649692,0.0,0.01,0.01,0.0
inactive_noise,97.9281821037,83.9804333751,0.0,0.01,0.01,0.0
inactive_noise,98.9947746535,-6.0235687146,0.0,0.01,0.01,0.0
inactive_noise,98.9947746535,83.9804333751,0.0,0.01,0.01,0.0
inactive_noise,99.9793216226,-23.0070039312,0.0,0.01,0.01,0.0
inactive_noise,99.9793216226,96.9436351346,0.0,0.01,0.01,0.0
inactive_noise,99.9793216226,145.924846846,0.0,0.01,0.01,0.0
inactive_noise,100.963868592,119.998443327,0.0,0.01,0.01,0.0
inactive_noise,102.93296253,149.945080303,0.0,0.01,0.01,0.0
inactive_noise,104.984102049,73.9708725228,0.0,0.01,0.01,0.0
inactive_noise,105.968649018,-24.073596481,0.0,0.01,0.01,0.0
inactive_noise,106.953195987,65.9304056087,0.0,0.01,0.01,0.0
inactive_noise,106.953195987,137.966425513,0.0,0.01,0.01,0.0
inactive_noise,106.953195987,141.98665897,0.0,0.01,0.01,0.0
inactive_noise,108.922289925,-14.0640356287,0.0,0.01,0.01,0.0
inactive_noise,109.988882475,161.923735094,0.0,0.01,0.01,0.0
inactive_noise,110.973429444,70.9351860349,0.0,0.01,0.01,0.0
inactive_noise,110.973429444,72.9863255538,0.0,0.01,0.01,0.0
inactive_noise,110.973429444,118.931850777,0.0,0.01,0.01,0.0
inactive_noise,111.957976413,70.9351860349,0.0,0.01,0.01,0.0
inactive_noise,111.957976413,150.929627272,0.0,0.01,0.01,0.0
inactive_noise,112.942523382,138.950972482,0.0,0.01,0.01,0.0
inactive_noise,113.927070351,146.991439396,0.0,0.01,0.01,0.0
inactive_noise,114.993662901,-29.0783769071,0.0,0.01,0.01,0.0
inactive_noise,115.97820987,9.97531953289,0.0,0.01,0.01,0.0
inactive_noise,115.97820987,97.9281821037,0.0,0.01,0.01,0.0
inactive_noise,115.97820987,122.952084234,0.0,0.01,0.01,0.0
inactive_noise,115.97820987,151.996219822,0.0,0.01,0.01,0.0
inactive_noise,116.962756839,36.9683156017,0.0,0.01,0.01,0.0
inactive_noise,117.947303808,15.9646469281,0.0,0.01,0.01,0.0
inactive_noise,117.947303808,101.948415561,0.0,0.01,0.01,0.0
inactive_noise,117.947303808,118.931850777,0.0,0.01,0.01,0.0
inactive_noise,117.947303808,143.955752908,0.0,0.01,0.01,0.0
inactive_noise,117.947303808,147.975986365,0.0,0.01,0.01,0.0
inactive_noise,118.931850777,-20.0533630239,0.0,0.01,0.01,0.0
inactive_noise,118.931850777,2.91939958784,0.0,0.01,0.01,0.0
inactive_noise,119.998443327,15.9646469281,0.0,0.01,0.01,0.0
inactive_noise,119.998443327,100.963868592,0.0,0.01,0.01,0.0
inactive_noise,119.998443327,126.972317691,0.0,0.01,0.01,0.0
inactive_noise,119.998443327,146.991439396,0.0,0.01,0.01,0.0
inactive_noise,120.982990296,-17.0176765359,0.0,0.01,0.01,0.0
inactive_noise,121.967537265,52.9672038492,0.0,0.01,0.01,0.0
inactive_noise,121.967537265,57.9719842754,0.0,0.01,0.01,0.0
inactive_noise,122.952084234,66.9969981586,0.0,0.01,0.01,0.0
inactive_noise,122.952084234,85.9495273133,0.0,0.01,0.01,0.0
inactive_noise,123.936631203,99.9793216226,0.0,0.01,0.01,0.0
inactive_noise,123.936631203,142.971205939,0.0,0.01,0.01,0.0
inactive_noise,124.921178173,65.9304056087,0.0,0.01,0.01,0.0
inactive_noise,124.921178173,71.9197330039,0.0,0.01,0.01,0.0
inactive_noise,124.921178173,119.998443327,0.0,0.01,0.01,0.0
inactive_noise,125.987770722,46.977876454,0.0,0.01,0.01,0.0
inactive_noise,126.972317691,8.99077256381,0.0,0.01,0.01,0.0
inactive_noise,126.972317691,150.929627272,0.0,0.01,0.01,0.0
inactive_noise,127.956864661,11.944413471,0.0,0.01,0.01,0.0
inactive_noise,127.956864661,140.92006642,0.0,0.01,0.01,0.0
inactive_noise,127.956864661,150.929627272,0.0,0.01,0.01,0.0
inactive_noise,128.94141163,-21.037909993,0.0,0.01,0.01,0.0
inactive_noise,128.94141163,-16.0331295669,0.0,0.01,0.01,0.0
inactive_noise,129.925958599,46.977876454,0.0,0.01,0.01,0.0
inactive_noise,130.992551149,-26.0426904191,0.0,0.01,0.01,0.0
inactive_noise,130.992551149,37.9528625708,0.0,0.01,0.01,0.0
inactive_noise,130.992551149,148.960533334,0.0,0.01,0.01,0.0
inactive_noise,131.977098118,14.980099959,0.0,0.01,0.01,0.0
inactive_noise,132.961645087,15.9646469281,0.0,0.01,0.01,0.0
inactive_noise,132.961645087,35.9837686327,0.0,0.01,0.01,0.0
inactive_noise,132.961645087,56.9874373063,0.0,0.01,0.01,0.0
inactive_noise,133.946192056,-28.0117843573,0.0,0.01,0.01,0.0
inactive_noise,134.930739025,71.9197330039,0.0,0.01,0.01,0.0
inactive_noise,134.930739025,119.998443327,0.0,0.01,0.01,0.0
inactive_noise,135.997331575,61.9922177324,0.0,0.01,0.01,0.0
inactive_noise,135.997331575,101.948415561,0.0,0.01,0.01,0.0
inactive_noise,136.981878544,41.9730960279,0.0,0.01,0.01,0.0
inactive_noise,136.981878544,144.940299877,0.0,0.01,0.01,0.0
inactive_noise,137.966425513,120.982990296,0.0,0.01,0.01,0.0
inactive_noise,137.966425513,125.987770722,0.0,0.01,0.01,0.0
inactive_noise,139.935519451,75.939966461,0.0,0.01,0.01,0.0
inactive_noise,139.935519451,113.927070351,0.0,0.01,0.01,0.0
inactive_noise,140.92006642,-21.037909993,0.0,0.01,0.01,0.0
inactive_noise,141.98665897,39.921956509,0.0,0.01,0.01,0.0
inactive_noise,143.955752908,-16.0331295669,0.0,0.01,0.01,0.0
inactive_noise,143.955752908,3.98599213768,0.0,0.01,0.01,0.0
inactive_noise,143.955752908,114.993662901,0.0,0.01,0.01,0.0
inactive_noise,143.955752908,130.992551149,0.0,0.01,0.01,0.0
inactive_noise,144.940299877,-13.0794886596,0.0,0.01,0.01,0.0
inactive_noise,144.940299877,126.972317691,0.0,0.01,0.01,0.0
inactive_noise,144.940299877,149.945080303,0.0,0.01,0.01,0.0
inactive_noise,144.940299877,153.96531376,0.0,0.01,0.01,0.0
inactive_noise,145.924846846,-18.002223505,0.0,0.01,0.01,0.0
inactive_noise,145.924846846,123.936631203,0.0,0.01,0.01,0.0
inactive_noise,145.924846846,144.940299877,0.0,0.01,0.01,0.0
inactive_noise,146.991439396,-38.0213452096,0.0,0.01,0.01,0.0
inactive_noise,146.991439396,-24.073596481,0.0,0.01,0.01,0.0
inactive_noise,146.991439396,38.9374095399,0.0,0.01,0.01,0.0
inactive_noise,147.975986365,-32.0320178144,0.0,0.01,0.01,0.0
inactive_noise,147.975986365,54.9362977874,0.0,0.01,0.01,0.0
inactive_noise,148.960533334,-4.05447477645,0.0,0.01,0.01,0.0
inactive_noise,148.960533334,35.9837686327,0.0,0.01,0.01,0.0
inactive_noise,148.960533334,102.93296253,0.0,0.01,0.01,0.0
inactive_noise,149.945080303,-33.0165647834,0.0,0.01,0.01,0.0
inactive_noise,149.945080303,74.9554194919,0.0,0.01,0.01,0.0
inactive_noise,149.945080303,77.9911059799,0.0,0.01,0.01,0.0
inactive_noise,150.929627272,-13.0794886596,0.0,0.01,0.01,0.0
inactive_noise,150.929627272,67.9815451276,0.0,0.01,0.01,0.0
inactive_noise,150.929627272,91.9388547085,0.0,0.01,0.01,0.0
inactive_noise,150.929627272,149.945080303,0.0,0.01,0.01,0.0
inactive_noise,152.980766791,-7.00811568367,0.0,0.01,0.01,0.0
inactive_noise,152.980766791,-2.00333525754,0.0,0.01,0.01,0.0
inactive_noise,152.980766791,29.9944412374,0.0,0.01,0.01,0.0
inactive_noise,152.980766791,55.9208447564,0.0,0.01,0.01,0.0
inactive_noise,152.980766791,92.9234016776,0.0,0.01,0.01,0.0
inactive_noise,153.96531376,100.963868592,0.0,0.01,0.01,0.0
inactive_noise,153.96531376,153.96531376,0.0,0.01,0.01,0.0
inactive_noise,153.96531376,156.918954668,0.0,0.01,0.01,0.0
inactive_noise,155.934407698,155.934407698,0.0,0.01,0.01,0.0
inactive_noise,156.918954668,55.9208447564,0.0,0.01,0.01,0.0
inactive_noise,156.918954668,63.9613116706,0.0,0.01,0.01,0.0
inactive_noise,157.985547217,-26.0426904191,0.0,0.01,0.01,0.0
inactive_noise,157.985547217,-18.002223505,0.0,0.01,0.01,0.0
inactive_noise,157.985547217,53.9517508183,0.0,0.01,0.01,0.0
inactive_noise,158.970094186,119.998443327,0.0,0.01,0.01,0.0
inactive_noise,159.954641155,59.9410782135,0.0,0.01,0.01,0.0
inactive_noise,159.954641155,103.99955508,0.0,0.01,0.01,0.0
inactive_noise,160.939188125,57.9719842754,0.0,0.01,0.01,0.0
inactive_noise,160.939188125,58.9565312444,0.0,0.01,0.01,0.0
inactive_noise,160.939188125,68.9660920967,0.0,0.01,0.01,0.0
inactive_noise,160.939188125,87.9186212514,0.0,0.01,0.01,0.0
inactive_noise,160.939188125,103.99955508,0.0,0.01,0.01,0.0
inactive_noise,161.923735094,65.9304056087,0.0,0.01,0.01,0.0
inactive_noise,161.923735094,88.9852138013,0.0,0.01,0.01,0.0
inactive_noise,161.923735094,90.9543077394,0.0,0.01,0.01,0.0
inactive_noise,163.974874613,111.957976413,0.0,0.01,0.01,0.0
inactive_noise,163.974874613,120.982990296,0.0,0.01,0.01,0.0
inactive_noise,164.959421582,11.944413471,0.0,0.01,0.01,0.0
inactive_noise,165.943968551,134.930739025,0.0,0.01,0.01,0.0
inactive_noise,166.92851552,39.921956509,0.0,0.01,0.01,0.0
inactive_noise,166.92851552,97.9281821037,0.0,0.01,0.01,0.0
inactive_noise,167.99510807,-32.0320178144,0.0,0.01,0.01,0.0
inactive_noise,167.99510807,-6.0235687146,0.0,0.01,0.01,0.0
inactive_noise,167.99510807,57.9719842754,0.0,0.01,0.01,0.0
inactive_noise,167.99510807,134.930739025,0.0,0.01,0.01,0.0
inactive_noise,168.979655039,64.9458586396,0.0,0.01,0.01,0.0
inactive_noise,168.979655039,83.9804333751,0.0,0.01,0.01,0.0
inactive_noise,168.979655039,113.927070351,0.0,0.01,0.01,0.0
inactive_noise,168.979655039,161.923735094,0.0,0.01,0.01,0.0
inactive_noise,169.964202008,108.922289925,0.0,0.01,0.01,0.0
inactive_noise,169.964202008,134.930739025,0.0,0.01,0.01,0.0
inactive_noise,170.948748977,108.922289925,0.0,0.01,0.01,0.0
inactive_noise,170.948748977,141.98665897,0.0,0.01,0.01,0.0
inactive_noise,171.933295946,131.977098118,0.0,0.01,0.01,0.0
inactive_noise,172.999888496,139.935519451,0.0,0.01,0.01,0.0
inactive_noise,173.984435465,11.944413471,0.0,0.01,0.01,0.0
inactive_noise,173.984435465,104.984102049,0.0,0.01,0.01,0.0
inactive_noise,175.953529403,51.9826568801,0.0,0.01,0.01,0.0
inactive_noise,175.953529403,93.9899942274,0.0,0.01,0.01,0.0
inactive_noise,176.938076372,140.92006642,0.0,0.01,0.01,0.0
inactive_noise,177.922623341,-0.0342413193842,0.0,0.01,0.01,0.0
inactive_noise,177.922623341,0.950305649692,0.0,0.01,0.01,0.0
inactive_noise,177.922623341,13.99555299,0.0,0.01,0.01,0.0
inactive_noise,177.922623341,159.954641155,0.0,0.01,0.01,0.0
inactive_noise,178.989215891,-4.05447477645,0.0,0.01,0.01,0.0
inactive_noise,178.989215891,7.92418001398,0.0,0.01,0.01,0.0
inactive_noise,179.97376286,-17.0176765359,0.0,0.01,0.01,0.0
inactive_noise,179.97376286,62.9767647015,0.0,0.01,0.01,0.0
inactive_noise,180.958309829,-3.06992780737,0.0,0.01,0.01,0.0
inactive_noise,181.942856798,144.940299877,0.0,0.01,0.01,0.0
inactive_noise,182.927403767,86.9340742823,0.0,0.01,0.01,0.0
inactive_noise,183.993996317,-9.05925520258,0.0,0.01,0.01,0.0
inactive_noise,183.993996317,-6.0235687146,0.0,0.01,0.01,0.0
inactive_noise,184.978543286,-27.0272373882,0.0,0.01,0.01,0.0
inactive_noise,184.978543286,92.9234016776,0.0,0.01,0.01,0.0
inactive_noise,185.963090255,18.9182878353,0.0,0.01,0.01,0.0
inactive_noise,185.963090255,99.9793216226,0.0,0.01,0.01,0.0
inactive_noise,185.963090255,110.973429444,0.0,0.01,0.01,0.0
inactive_noise,186.947637224,42.9576429969,0.0,0.01,0.01,0.0
inactive_noise,186.947637224,61.9922177324,0.0,0.01,0.01,0.0
inactive_noise,187.932184193,29.9944412374,0.0,0.01,0.01,0.0
inactive_noise,189.983323712,32.9480821447,0.0,0.01,0.01,0.0
inactive_noise,190.967870681,9.97531953289,0.0,0.01,0.01,0.0
inactive_noise,190.967870681,30.9789882065,0.0,0.01,0.01,0.0
inactive_noise,191.95241765,12.9289604401,0.0,0.01,0.01,0.0
inactive_noise,192.93696462,91.9388547085,0.0,0.01,0.01,0.0
inactive_noise,193.921511589,-40.0724847285,0.0,0.01,0.01,0.0
inactive_noise,193.921511589,10.959866502,0.0,0.01,0.01,0.0
inactive_noise,193.921511589,130.992551149,0.0,0.01,0.01,0.0
inactive_noise,194.988104138,-11.0283491407,0.0,0.01,0.01,0.0
inactive_noise,194.988104138,116.962756839,0.0,0.01,0.01,0.0
inactive_noise,195.972651108,80.9447468871,0.0,0.01,0.01,0.0
inactive_noise,195.972651108,103.99955508,0.0,0.01,0.01,0.0
inactive_noise,197.941745046,-19.0688160549,0.0,0.01,0.01,0.0
inactive_noise,197.941745046,21.9539743233,0.0,0.01,0.01,0.0
inactive_noise,197.941745046,129.925958599,0.0,0.01,0.01,0.0
inactive_noise,198.926292015,-39.0058921786,0.0,0.01,0.01,0.0
inactive_noise,198.926292015,-15.0485825978,0.0,0.01,0.01,0.0
inactive_noise,198.926292015,137.966425513,0.0,0.01,0.01,0.0
inactive_noise,199.992884565,-33.0165647834,0.0,0.01,0.01,0.0
inactive_noise,199.992884565,96.9436351346,0.0,0.01,0.01,0.0
inactive_noise,204.997664991,-10.0438021717,0.0,0.01,0.01,0.0
inactive_noise,204.997664991,-6.0235687146,0.0,0.01,0.01,0.0
inactive_noise,206.966758929,31.9635351756,0.0,0.01,0.01,0.0
inactive_noise,206.966758929,47.9624234231,0.0,0.01,0.01,0.0
inactive_noise,206.966758929,139.935519451,0.0,0.01,0.01,0.0
inactive_noise,206.966758929,140.92006642,0.0,0.01,0.01,0.0
inactive_noise,207.951305898,43.942189966,0.0,0.01,0.01,0.0
inactive_noise,207.951305898,100.963868592,0.0,0.01,0.01,0.0
inactive_noise,207.951305898,132.961645087,0.0,0.01,0.01,0.0
inactive_noise,209.920399836,81.9292938562,0.0,0.01,0.01,0.0
inactive_noise,209.920399836,115.97820987,0.0,0.01,0.01,0.0
inactive_noise,209.920399836,158.970094186,0.0,0.01,0.01,0.0
inactive_noise,210.986992386,-33.0165647834,0.0,0.01,0.01,0.0
inactive_noise,211.971539355,39.921956509,0.0,0.01,0.01,0.0
inactive_noise,211.971539355,87.9186212514,0.0,0.01,0.01,0.0
inactive_noise,212.956086324,36.9683156017,0.0,0.01,0.01,0.0
inactive_noise,213.940633293,99.9793216226,0.0,0.01,0.01,0.0
inactive_noise,214.925180262,-26.0426904191,0.0,0.01,0.01,0.0
inactive_noise,214.925180262,22.9385212924,0.0,0.01,0.01,0.0
inactive_noise,215.991772812,20.9694273542,0.0,0.01,0.01,0.0
inactive_noise,215.991772812,22.9385212924,0.0,0.01,0.01,0.0
inactive_noise,216.976319781,9.97531953289,0.0,0.01,0.01,0.0
inactive_noise,217.96086675,-33.0165647834,0.0,0.01,0.01,0.0
inactive_noise,218.945413719,-31.0474708453,0.0,0.01,0.01,0.0
inactive_noise,218.945413719,155.934407698,0.0,0.01,0.01,0.0
inactive_noise,219.929960688,-31.0474708453,0.0,0.01,0.01,0.0
inactive_noise,219.929960688,98.9947746535,0.0,0.01,0.01,0.0
inactive_noise,219.929960688,102.93296253,0.0,0.01,0.01,0.0
inactive_noise,219.929960688,146.991439396,0.0,0.01,0.01,0.0
inactive_noise,220.996553238,56.9874373063,0.0,0.01,0.01,0.0
inactive_noise,220.996553238,103.99955508,0.0,0.01,0.01,0.0
inactive_noise,221.981100207,-28.0117843573,0.0,0.01,0.01,0.0
inactive_noise,221.981100207,137.966425513,0.0,0.01,0.01,0.0
inactive_noise,222.965647176,10.959866502,0.0,0.01,0.01,0.0
inactive_noise,223.950194145,-7.00811568367,0.0,0.01,0.01,0.0
inactive_noise,223.950194145,1.93485261877,0.0,0.01,0.01,0.0
inactive_noise,223.950194145,5.95508607583,0.0,0.01,0.01,0.0
inactive_noise,223.950194145,8.99077256381,0.0,0.01,0.01,0.0
inactive_noise,223.950194145,67.9815451276,0.0,0.01,0.01,0.0
car_start,148.960533334,139.935519451,3.11685570356,0.0,0.0,0.0
